disp_x,disp_y,id,x,y,z,weight_disp_x,weight_disp_y,diff_disp_x,diff_disp_y,weighted_diff_disp,weighted_diff_disp_2noise,weighted_diff_disp_5noise
0.0,-2.316779810044e-06,0,0.0,0.0,0,0.0,1000000000000.0,0.0,7.309449492579973e-08,73094.49492579974,72822.92085832449,73525.31978148225
1.4731474958994e-07,-2.3130898713649e-06,1,2.5e-05,0.0,0,0.0,1000000000000.0,0.0,7.285995928150027e-08,72859.95928150027,72588.30169448812,75493.43095957283
1.3208045474817e-07,-2.2014661081252e-06,2,2.5e-05,5e-05,0,0.0,1000000000000.0,0.0,7.616694088740015e-08,76166.94088740015,76148.75700000652,76892.89955556823
0.0,-2.205122714899e-06,3,0.0,5e-05,0,0.0,1000000000000.0,0.0,7.64134596354001e-08,76413.45963540011,76910.68083496505,76449.83200012526
2.9474968138238e-07,-2.3019907850978e-06,4,5e-05,0.0,0,0.0,1000000000000.0,0.0,7.215831591599965e-08,72158.31591599964,71228.07167195939,69946.08955190546
2.6417103480298e-07,-2.1904659749271e-06,5,5e-05,5e-05,0,0.0,1000000000000.0,0.0,7.542952271759985e-08,75429.52271759984,75172.94756452211,73337.1248174888
4.4242424921273e-07,-2.283393937505e-06,6,7.5e-05,0.0,0,0.0,1000000000000.0,0.0,7.099541352499994e-08,70995.41352499994,71439.84912702597,71016.9102318302
3.9627817223232e-07,-2.1720305293188e-06,7,7.5e-05,5e-05,0,0.0,1000000000000.0,0.0,7.420757011360004e-08,74207.57011360004,74703.37232880098,74586.6340671963
5.9045645499164e-07,-2.2571488943278e-06,8,0.0001,0.0,0,0.0,1000000000000.0,0.0,6.938086200019985e-08,69380.86200019985,69128.11538626878,71657.70845979573
5.2840069460337e-07,-2.1460038962253e-06,9,0.0001,5e-05,0,0.0,1000000000000.0,0.0,7.251152988749989e-08,72511.52988749988,73116.8864038579,73320.07059635811
7.3896213240851e-07,-2.2230390360095e-06,10,0.000125,0.0,0,0.0,1000000000000.0,0.0,6.732783276259978e-08,67327.83276259978,66670.63239311958,70858.86500141807
6.6052544793751e-07,-2.1121614944734e-06,11,0.000125,5e-05,0,0.0,1000000000000.0,0.0,7.035569724839994e-08,70355.69724839994,70414.61726201889,72584.92636883211
8.8805423441933e-07,-2.1807749124075e-06,12,0.00015,0.0,0,0.0,1000000000000.0,0.0,6.485279317670015e-08,64852.79317670015,64709.468900832886,63512.10929496809
7.9262214181054e-07,-2.0702029926895e-06,13,0.00015,5e-05,0,0.0,1000000000000.0,0.0,6.775790603809996e-08,67757.90603809996,67276.02106060399,67695.39078658377
1.0378421084149e-06,-2.1299846803574e-06,14,0.000175,0.0,0,0.0,1000000000000.0,0.0,6.197518786830013e-08,61975.187868300134,61892.87934751865,64837.93581028699
9.2463699445993e-07,-2.0197421504331e-06,15,0.000175,5e-05,0,0.0,1000000000000.0,0.0,6.47391582169001e-08,64739.1582169001,65618.36911952477,65795.77867160944
1.188430715203e-06,-2.0702006283348e-06,16,0.0002,0.0,0,0.0,1000000000000.0,0.0,5.8717081911999936e-08,58717.081911999936,57219.29220562464,58146.8034049471
1.0564845824755e-06,-1.9602924769548e-06,17,0.0002,5e-05,0,0.0,1000000000000.0,0.0,6.132321071360013e-08,61323.21071360013,62574.532021956475,62762.31561460349
1.3399196852772e-06,-2.0008402324279e-06,18,0.000225,0.0,0,0.0,1000000000000.0,0.0,5.510278203519998e-08,55102.78203519998,55064.57741721633,54954.008750961904
1.1880370369862e-06,-1.8912470601513e-06,19,0.000225,5e-05,0,0.0,1000000000000.0,0.0,5.753613912089997e-08,57536.13912089997,56741.76508277434,58886.938447383414
1.4924019602005e-06,-1.921179273807e-06,20,0.00025,0.0,0,0.0,1000000000000.0,0.0,5.1158452185200034e-08,51158.45218520003,50682.50789616286,52353.04849512813
1.3191093468233e-06,-1.8118500025665e-06,21,0.00025,5e-05,0,0.0,1000000000000.0,0.0,5.340589776670002e-08,53405.897766700014,53680.60165868846,53513.695362053426
1.645961424165e-06,-1.8303129957567e-06,22,0.000275,0.0,0,0.0,1000000000000.0,0.0,4.691173901040013e-08,46911.73901040013,45627.060296988784,51006.46301438326
1.4494390132824e-06,-1.7211554189844e-06,23,0.000275,5e-05,0,0.0,1000000000000.0,0.0,4.8961894644599826e-08,48961.89464459983,47873.975486701,48179.87716771453
1.8006681171289e-06,-1.7270985401564e-06,24,0.0003,0.0,0,0.0,1000000000000.0,0.0,4.2391421178400085e-08,42391.42117840009,42924.70768719114,41592.774493001794
1.5786577160203e-06,-1.6179675096655e-06,25,0.0003,5e-05,0,0.0,1000000000000.0,0.0,4.423459751779989e-08,44234.59751779989,44732.53612389178,44257.04912034773
1.9565676775918e-06,-1.6100668762582e-06,26,0.000325,0.0,0,0.0,1000000000000.0,0.0,3.7627094096900033e-08,37627.09409690004,37646.76460676553,36171.97292978342
1.7062523424668e-06,-1.5007511645837e-06,27,0.000325,5e-05,0,0.0,1000000000000.0,0.0,3.925518458540019e-08,39255.18458540019,38532.5143682063,34951.3894237801
2.1136569906651e-06,-1.4772827652333e-06,28,0.00035,0.0,0,0.0,1000000000000.0,0.0,3.2648898751699856e-08,32648.898751699857,32477.470628593925,35229.68710763775
1.8315139307281e-06,-1.3674958052856e-06,29,0.00035,5e-05,0,0.0,1000000000000.0,0.0,3.405524955930009e-08,34055.24955930009,34116.514350313075,36926.79965366275
2.2718266591838e-06,-1.326111611708e-06,30,0.000375,0.0,0,0.0,1000000000000.0,0.0,2.748730021600001e-08,27487.300216000007,26362.958107625866,29223.17750372001
1.9534796571872e-06,-1.2155040915873e-06,31,0.000375,5e-05,0,0.0,1000000000000.0,0.0,2.8666567176399897e-08,28666.567176399898,27572.59551372635,29241.835455634806
2.4307231974376e-06,-1.1528076223002e-06,32,0.0004,0.0,0,0.0,1000000000000.0,0.0,2.217291813180001e-08,22172.918131800012,22872.50786863787,20985.448869176915
2.0708968581383e-06,-1.0410605690077e-06,33,0.0004,5e-05,0,0.0,1000000000000.0,0.0,2.312092130059994e-08,23120.92130059994,22569.27974816779,23574.018403667887
1.1675182415076e-07,-2.0744442303455e-06,42,2.5e-05,0.0001,0,0.0,1000000000000.0,0.0,7.891306189610034e-08,78913.06189610035,78859.13280521559,78455.190405304
0.0,-2.0781050471897e-06,43,0.0,0.0001,0,0.0,1000000000000.0,0.0,7.917016046869995e-08,79170.16046869995,78566.18401154575,78158.87457180173
2.3344027458909e-07,-2.0634298771829e-06,44,5e-05,0.0001,0,0.0,1000000000000.0,0.0,7.81440924117999e-08,78144.0924117999,77643.86610829178,77706.04019169736
3.4999749394792e-07,-2.0449654056669e-06,45,7.5e-05,0.0001,0,0.0,1000000000000.0,0.0,7.687017238230013e-08,76870.17238230012,76002.83298816536,80383.32164311482
4.6634651854957e-07,-2.0188868633863e-06,46,0.0001,0.0001,0,0.0,1000000000000.0,0.0,7.510264439339999e-08,75102.6443934,75068.14588561433,76739.26382396767
5.8239638059198e-07,-1.9849582070329e-06,47,0.000125,0.0001,0,0.0,1000000000000.0,0.0,7.28569974130996e-08,72856.9974130996,71982.82450053732,74969.58325201398
6.9803681072659e-07,-1.9428641757442e-06,48,0.00015,0.0001,0,0.0,1000000000000.0,0.0,7.015250200580011e-08,70152.50200580011,70574.0943401476,65140.87527517505
8.1313245555249e-07,-1.8922001826346e-06,49,0.000175,0.0001,0,0.0,1000000000000.0,0.0,6.701177609740021e-08,67011.77609740022,67484.51925647531,65308.60896270645
9.2751662470701e-07,-1.8324583999682e-06,50,0.0002,0.0001,0,0.0,1000000000000.0,0.0,6.346030379770006e-08,63460.30379770006,63229.11075211591,61211.56328787611
1.0409848177202e-06,-1.7630089053977e-06,51,0.000225,0.0001,0,0.0,1000000000000.0,0.0,5.9525931080299955e-08,59525.93108029995,59984.98359489049,57684.95400490789
1.1532887938992e-06,-1.6830744032657e-06,52,0.00025,0.0001,0,0.0,1000000000000.0,0.0,5.523836208379988e-08,55238.36208379988,55138.257510024894,56986.11529556034
1.2641330263362e-06,-1.5916967237266e-06,53,0.000275,0.0001,0,0.0,1000000000000.0,0.0,5.062867791290007e-08,50628.67791290007,51076.00536644568,51945.37549870924
1.3731775842551e-06,-1.4876933224557e-06,54,0.0003,0.0001,0,0.0,1000000000000.0,0.0,4.5728897014200027e-08,45728.897014200025,46010.76575234199,44966.20266773347
1.4800559096826e-06,-1.3696031859587e-06,55,0.000325,0.0001,0,0.0,1000000000000.0,0.0,4.057159217549988e-08,40571.592175499885,41293.687138458954,40497.10591876035
1.5844246810198e-06,-1.2356261540719e-06,56,0.00035,0.0001,0,0.0,1000000000000.0,0.0,3.5189574779799895e-08,35189.57477979989,34997.40400781573,38125.08707907981
1.6860798274349e-06,-1.0835739366869e-06,57,0.000375,0.0001,0,0.0,1000000000000.0,0.0,2.9615652204899944e-08,29615.652204899943,29486.960975530943,27993.367608691264
1.7852042714306e-06,-9.1089200964928e-07,58,0.0004,0.0001,0,0.0,1000000000000.0,0.0,2.3882459678760005e-08,23882.459678760006,24251.045734414998,23704.252926100635
1.0220409404107e-07,-1.9325563424289e-06,63,2.5e-05,0.00015,0,0.0,1000000000000.0,0.0,8.138161833080003e-08,81381.61833080003,81992.19948852513,85802.31954857419
0.0,-1.9362248118268e-06,64,0.0,0.00015,0,0.0,1000000000000.0,0.0,8.164981457340007e-08,81649.81457340007,81333.33906014585,83903.4387894169
2.043233638669e-07,-1.9215186101702e-06,65,5e-05,0.00015,0,0.0,1000000000000.0,0.0,8.057963460360007e-08,80579.63460360006,81430.6611021624,83785.53515027286
3.062702208546e-07,-1.9030139368259e-06,66,7.5e-05,0.00015,0,0.0,1000000000000.0,0.0,7.92516035070999e-08,79251.6035070999,78085.03233580719,77641.60840219875
4.0795169284834e-07,-1.8768771391793e-06,67,0.0001,0.00015,0,0.0,1000000000000.0,0.0,7.741018098439985e-08,77410.18098439985,77632.39006949385,77014.84024528107
5.092671374357e-07,-1.8428718420681e-06,68,0.000125,0.00015,0,0.0,1000000000000.0,0.0,7.507258796319982e-08,75072.58796319983,74664.2342037124,71918.67174977904
6.1010657396738e-07,-1.8006851190084e-06,69,0.00015,0.00015,0,0.0,1000000000000.0,0.0,7.226014946640016e-08,72260.14946640017,72092.35199951251,71900.73644423901
7.1035009821325e-07,-1.7499203161642e-06,70,0.000175,0.00015,0,0.0,1000000000000.0,0.0,6.899775068209995e-08,68997.75068209996,68104.40568542274,72062.02270248914
8.098691544113e-07,-1.6900879829991e-06,71,0.0002,0.00015,0,0.0,1000000000000.0,0.0,6.53132406069999e-08,65313.2406069999,63944.796897683715,64961.40382293344
9.08530951303e-07,-1.6205950561244e-06,72,0.000225,0.00015,0,0.0,1000000000000.0,0.0,6.123681571100006e-08,61236.81571100006,61453.44168058898,62411.92041049491
1.006208143792e-06,-1.5407329848112e-06,73,0.00025,0.00015,0,0.0,1000000000000.0,0.0,5.6800414249e-08,56800.414249,58497.771094551346,59653.61160233787
1.1027972137328e-06,-1.4496666669176e-06,74,0.000275,0.00015,0,0.0,1000000000000.0,0.0,5.203714942850006e-08,52037.14942850006,52086.36343223725,49147.48375492713
1.1982509630589e-06,-1.3464285225608e-06,75,0.0003,0.00015,0,0.0,1000000000000.0,0.0,4.698080417879994e-08,46980.80417879994,48332.95936768538,44698.972197124196
1.2926332857992e-06,-1.2299270153958e-06,76,0.000325,0.00015,0,0.0,1000000000000.0,0.0,4.166540477580005e-08,41665.40477580005,41425.87801990455,40718.46874461076
1.3862075661285e-06,-1.0989888407964e-06,77,0.00035,0.00015,0,0.0,1000000000000.0,0.0,3.612488396179989e-08,36124.88396179989,36609.00672487538,39234.786483993485
1.4795716415126e-06,-9.5247318279378e-07,78,0.000375,0.00015,0,0.0,1000000000000.0,0.0,3.039283801285004e-08,30392.83801285004,30298.362631623822,30144.705713958207
1.5738447662498e-06,-7.8953245688589e-07,79,0.0004,0.00015,0,0.0,1000000000000.0,0.0,2.4502376465379996e-08,24502.376465379995,23515.597928588828,25918.72363665587
1.670869944612e-06,-6.1014352799173e-07,80,0.000425,0.00015,0,0.0,1000000000000.0,0.0,1.8486058374740025e-08,18486.058374740023,19770.47575029407,16185.595566642685
8.8969962454347e-08,-1.7773935475785e-06,84,2.5e-05,0.0002,0,0.0,1000000000000.0,0.0,8.378845720830012e-08,83788.45720830011,82741.23385944511,86138.63823822167
0.0,-1.781035011251e-06,85,0.0,0.0002,0,0.0,1000000000000.0,0.0,8.406993921520002e-08,84069.93921520002,82815.19214194566,84195.60054668649
1.7788366544549e-07,-1.7664388016366e-06,86,5e-05,0.0002,0,0.0,1000000000000.0,0.0,8.294706414999993e-08,82947.06414999993,82556.75299355589,86518.2761260038
2.6668505529168e-07,-1.7480793963981e-06,87,7.5e-05,0.0002,0,0.0,1000000000000.0,0.0,8.155481523009998e-08,81554.81523009998,82402.81472481217,81638.13354946062
3.5531888117587e-07,-1.7221620152362e-06,88,0.0001,0.0002,0,0.0,1000000000000.0,0.0,7.962646079519993e-08,79626.46079519994,78906.38153876005,80823.70881391804
4.4373212304139e-07,-1.6884699391534e-06,89,0.000125,0.0002,0,0.0,1000000000000.0,0.0,7.718195997570018e-08,77181.95997570019,77618.39233563666,77250.75169520159
5.3187677791213e-07,-1.646721191492e-06,90,0.00015,0.0002,0,0.0,1000000000000.0,0.0,7.424584687589997e-08,74245.84687589998,74726.61875835413,72982.16093566727
6.1971469836689e-07,-1.596566613939e-06,91,0.000175,0.0002,0,0.0,1000000000000.0,0.0,7.084649161279997e-08,70846.49161279996,71589.50865418438,72332.36537438387
7.072254022944e-07,-1.537588512743e-06,92,0.0002,0.0002,0,0.0,1000000000000.0,0.0,6.701530412409984e-08,67015.30412409984,67611.59847431221,65869.16441020889
7.9441810258793e-07,-1.4693010690906e-06,93,0.000225,0.0002,0,0.0,1000000000000.0,0.0,6.2785926729e-08,62785.926729000006,62766.34511282288,64247.82606258038
8.8134959571511e-07,-1.3911546400106e-06,94,0.00025,0.0002,0,0.0,1000000000000.0,0.0,5.819346156299996e-08,58193.46156299996,58588.94616005476,58907.32811925764
9.6815004731185e-07,-1.3025476167481e-06,95,0.000275,0.0002,0,0.0,1000000000000.0,0.0,5.327376908229985e-08,53273.769082299856,54443.81435726369,54708.11681380299
1.0550588715214e-06,-1.2028519463317e-06,96,0.0003,0.0002,0,0.0,1000000000000.0,0.0,4.8062867489600177e-08,48062.867489600176,49096.24876472365,49416.28641072631
1.1424722430033e-06,-1.0914620852573e-06,97,0.000325,0.0002,0,0.0,1000000000000.0,0.0,4.259645131589984e-08,42596.45131589984,41318.61695080718,41455.69032165375
1.2310009685234e-06,-9.6788201950515e-07,98,0.00035,0.0002,0,0.0,1000000000000.0,0.0,3.6909538088149974e-08,36909.53808814997,36923.50518902821,35420.83065482055
1.3215296811938e-06,-8.3186945775243e-07,99,0.000375,0.0002,0,0.0,1000000000000.0,0.0,3.1036242781899997e-08,31036.242781899997,30942.4962102856,29259.241179705547
1.4152504069476e-06,-6.8365202027857e-07,100,0.0004,0.0002,0,0.0,1000000000000.0,0.0,2.5009672414720048e-08,25009.672414720048,25523.67323023272,24136.49591692082
1.5136097211357e-06,-5.2419528433447e-07,101,0.000425,0.0002,0,0.0,1000000000000.0,0.0,1.886192781879001e-08,18861.92781879001,19355.591299692704,16761.805139314634
7.7230033408378e-08,-1.6110062992484e-06,105,2.5e-05,0.00025,0,0.0,1000000000000.0,0.0,8.629913517129998e-08,86299.13517129999,85464.6076249263,86677.71957789328
0.0,-1.6145559576938e-06,106,0.0,0.00025,0,0.0,1000000000000.0,0.0,8.659786930740006e-08,86597.86930740006,86713.19322925877,86726.16512290644
1.5446847839023e-07,-1.6003313142602e-06,107,5e-05,0.00025,0,0.0,1000000000000.0,0.0,8.540671418520001e-08,85406.7141852,85987.7016218683,84962.61287852214
2.3172661253661e-07,-1.5824531794315e-06,108,7.5e-05,0.00025,0,0.0,1000000000000.0,0.0,8.39317877502001e-08,83931.78775020009,84180.1827311373,85081.79942745008
3.0902193780109e-07,-1.5572429037974e-06,109,0.0001,0.00025,0,0.0,1000000000000.0,0.0,8.189247653219994e-08,81892.47653219994,82869.93011531512,83165.54113014099
3.8638251821652e-07,-1.5245215664215e-06,110,0.000125,0.00025,0,0.0,1000000000000.0,0.0,7.931310773780004e-08,79313.10773780003,78206.4452091203,76110.11426918583
4.6385283641701e-07,-1.4840624266158e-06,111,0.00015,0.00025,0,0.0,1000000000000.0,0.0,7.622327427230007e-08,76223.27427230007,75277.1201718035,74527.76443110693
5.4150169782612e-07,-1.4355944182133e-06,112,0.000175,0.00025,0,0.0,1000000000000.0,0.0,7.265675756970007e-08,72656.75756970007,72874.60380328402,74070.89767598346
6.1943276740143e-07,-1.3788078899907e-06,113,0.0002,0.00025,0,0.0,1000000000000.0,0.0,6.865038717439985e-08,68650.38717439985,69632.827557676,69540.6269383917
6.9779826470916e-07,-1.313363952748e-06,114,0.000225,0.00025,0,0.0,1000000000000.0,0.0,6.424292127619998e-08,64242.92127619998,63820.23035256672,61381.97896550747
7.7681622515946e-07,-1.2389095171861e-06,115,0.00025,0.00025,0,0.0,1000000000000.0,0.0,5.947400784260007e-08,59474.00784260007,58532.10663738292,61748.89455063853
8.5679132080093e-07,-1.1551010008866e-06,116,0.000275,0.00025,0,0.0,1000000000000.0,0.0,5.4383285841599965e-08,54383.285841599965,53982.15250289906,54294.701668655536
9.3813833524386e-07,-1.0616406691102e-06,117,0.0003,0.00025,0,0.0,1000000000000.0,0.0,4.900965835749996e-08,49009.65835749996,49252.599697220554,49163.20982266981
1.0214055663277e-06,-9.583301751705e-07,118,0.000325,0.00025,0,0.0,1000000000000.0,0.0,4.339075654569993e-08,43390.75654569993,43619.8686093277,42501.54501123247
1.1072921697458e-06,-8.4514493310665e-07,119,0.00035,0.00025,0,0.0,1000000000000.0,0.0,3.7562594705889955e-08,37562.594705889955,37442.764307630634,37661.46254452339
1.1966484692519e-06,-7.2232779002247e-07,120,0.000375,0.00025,0,0.0,1000000000000.0,0.0,3.1559403726389996e-08,31559.403726389995,31304.037872330213,30072.018002749435
1.2904432337701e-06,-5.9048686592352e-07,121,0.0004,0.00025,0,0.0,1000000000000.0,0.0,2.5413621278389945e-08,25413.621278389946,25293.511495958228,30869.023256849752
1.3896857931465e-06,-4.5065216586817e-07,122,0.000425,0.00025,0,0.0,1000000000000.0,0.0,1.9156012409209988e-08,19156.012409209987,20919.971120979328,19158.280963131285
6.6877652447541e-08,-1.4353641942648e-06,126,2.5e-05,0.0003,0,0.0,1000000000000.0,0.0,8.904201045619992e-08,89042.01045619992,89464.486106116,87441.2744510579
0.0,-1.4387408403927e-06,127,0.0,0.0003,0,0.0,1000000000000.0,0.0,8.936421265730004e-08,89364.21265730004,89900.35416837645,87670.22551553436
1.3384709692315e-07,-1.4252138834379e-06,128,5e-05,0.0003,0,0.0,1000000000000.0,0.0,8.808036453329997e-08,88080.36453329997,88624.3257645376,88518.81942464483
2.0100433672806e-07,-1.4082294960532e-06,129,7.5e-05,0.0003,0,0.0,1000000000000.0,0.0,8.649391595339995e-08,86493.91595339995,85127.29490331629,88181.17674807843
2.6845426121307e-07,-1.3843127824628e-06,130,0.0001,0.0003,0,0.0,1000000000000.0,0.0,8.430622074649997e-08,84306.22074649998,84025.2495859226,82093.8449898948
3.3631629182249e-07,-1.353331397869e-06,131,0.000125,0.0003,0,0.0,1000000000000.0,0.0,8.154858208559991e-08,81548.5820855999,81777.8507223262,77760.86414131055
4.0473130591766e-07,-1.315124394857e-06,132,0.00015,0.0003,0,0.0,1000000000000.0,0.0,7.825856327089987e-08,78258.56327089986,78807.61807367267,77785.60145553126
4.7387019974758e-07,-1.269509807241e-06,133,0.000175,0.0003,0,0.0,1000000000000.0,0.0,7.447830905020012e-08,74478.30905020011,75094.85945018347,74480.2690071783
5.4394411767917e-07,-1.2162948526839e-06,134,0.0002,0.0003,0,0.0,1000000000000.0,0.0,7.025284044459999e-08,70252.84044459999,71098.78237946103,70991.1288952627
6.1521624785064e-07,-1.1552896085683e-06,135,0.000225,0.0003,0,0.0,1000000000000.0,0.0,6.562841638879999e-08,65628.41638879999,65771.07987357043,65298.88980632091
6.8801458401339e-07,-1.0863252409591e-06,136,0.00025,0.0003,0,0.0,1000000000000.0,0.0,6.065110450360004e-08,60651.104503600036,60807.14350845526,63869.58272927114
7.6274449457401e-07,-1.0092781201954e-06,137,0.000275,0.0003,0,0.0,1000000000000.0,0.0,5.5365610918400035e-08,55365.61091840004,56228.48990336097,55290.3545459199
8.3989903081754e-07,-9.2410101434131e-07,138,0.0003,0.0003,0,0.0,1000000000000.0,0.0,4.981442075050003e-08,49814.42075050003,48304.21888961204,49383.68882652617
9.2006376176674e-07,-8.3086173527694e-07,139,0.000325,0.0003,0,0.0,1000000000000.0,0.0,4.4037249366400025e-08,44037.24936640003,43498.666534207194,42672.73028389811
1.0039117618059e-06,-7.2978744104878e-07,140,0.00035,0.0003,0,0.0,1000000000000.0,0.0,3.807078057857993e-08,38070.78057857993,37204.79734943244,36602.15343722343
1.0921840704108e-06,-6.213088723316e-07,141,0.000375,0.0003,0,0.0,1000000000000.0,0.0,3.194865008341998e-08,31948.65008341998,31534.99101468509,32706.854851010696
1.1856533633693e-06,-5.0609414774444e-07,142,0.0004,0.0003,0,0.0,1000000000000.0,0.0,2.5701623526820066e-08,25701.623526820065,26027.26541876637,24273.32638070767
1.2850759935773e-06,-3.8506986401966e-07,143,0.000425,0.0003,0,0.0,1000000000000.0,0.0,1.935791874843e-08,19357.918748430002,18459.697216125278,22345.759192042766
5.7615615629473e-08,-1.2519663211523e-06,147,2.5e-05,0.00035,0,0.0,1000000000000.0,0.0,9.211924966369985e-08,92119.24966369985,92792.05450154525,91701.06215411218
0.0,-1.2550853844667e-06,148,0.0,0.00035,0,0.0,1000000000000.0,0.0,9.247437119349987e-08,92474.37119349987,92253.42905340044,91926.26895025837
1.1541050848912e-07,-1.2425939846114e-06,149,5e-05,0.00035,0,0.0,1000000000000.0,0.0,9.106083573640005e-08,91060.83573640005,91643.22122922822,93218.22482437828
1.7356773525781e-07,-1.2269242481164e-06,150,7.5e-05,0.00035,0,0.0,1000000000000.0,0.0,8.93194503549e-08,89319.45035490001,89346.15773189576,91060.28620184665
2.3227852260164e-07,-1.2048876389022e-06,151,0.0001,0.00035,0,0.0,1000000000000.0,0.0,8.692754823070017e-08,86927.54823070017,85845.50076987012,88106.63167953456
2.9174746106501e-07,-1.1763953992254e-06,152,0.000125,0.00035,0,0.0,1000000000000.0,0.0,8.392769162010004e-08,83927.69162010004,84604.45796720414,85606.62456757978
3.5219915057151e-07,-1.1413477652483e-06,153,0.00015,0.00035,0,0.0,1000000000000.0,0.0,8.037004754200006e-08,80370.04754200006,79559.87011387547,82933.50702565753
4.1388600060526e-07,-1.0996443109839e-06,154,0.000175,0.00035,0,0.0,1000000000000.0,0.0,7.630970403420008e-08,76309.70403420008,75759.83724903391,73498.87587892861
4.770973004119e-07,-1.0511964087676e-06,155,0.0002,0.00035,0,0.0,1000000000000.0,0.0,7.180392913340012e-08,71803.92913340013,71570.98216946541,71485.16072503269
5.4216875961254e-07,-9.9594163582828e-07,156,0.000225,0.00035,0,0.0,1000000000000.0,0.0,6.690977836051993e-08,66909.77836051994,66068.0249723642,68095.5716678056
6.0949165137121e-07,-9.3386026271564e-07,157,0.00025,0.00035,0,0.0,1000000000000.0,0.0,6.168207197667997e-08,61682.071976679974,61347.90230860595,63828.573714952014
6.7952001261862e-07,-8.6499364947472e-07,158,0.000275,0.00035,0,0.0,1000000000000.0,0.0,5.61719334714501e-08,56171.933471450095,55993.65887237433,57312.5531163491
7.5277390730079e-07,-7.8946417771887e-07,159,0.0003,0.00035,0,0.0,1000000000000.0,0.0,5.0425871811750014e-08,50425.87181175002,49899.389552169996,49612.39564553771
8.2983637760246e-07,-7.074957194352e-07,160,0.000325,0.00035,0,0.0,1000000000000.0,0.0,4.448536739870002e-08,44485.36739870002,44002.48243822586,44714.561668057206
9.1134178104656e-07,-6.1943285009304e-07,161,0.00035,0.00035,0,0.0,1000000000000.0,0.0,3.838687686479995e-08,38386.87686479995,37823.34164287204,39147.86888054293
9.9795422503002e-07,-5.2575643963744e-07,162,0.000375,0.00035,0,0.0,1000000000000.0,0.0,3.216214814506996e-08,32162.148145069958,32172.50032585561,33617.573000642726
1.0903369389683e-06,-4.2709400742623e-07,163,0.0004,0.00035,0,0.0,1000000000000.0,0.0,2.583874029785999e-08,25838.74029785999,24971.356880774973,26238.103234383205
1.1891140321896e-06,-3.2421998339865e-07,164,0.000425,0.00035,0,0.0,1000000000000.0,0.0,1.9440662260460024e-08,19440.662260460023,20017.11163384866,20188.479222149253
4.905154225041e-08,-1.0616227583621e-06,168,2.5e-05,0.0004,0,0.0,1000000000000.0,0.0,9.561733464710011e-08,95617.33464710011,94820.31165900473,94123.83279383004
0.0,-1.0644046165588e-06,169,0.0,0.0004,0,0.0,1000000000000.0,0.0,9.601980194499988e-08,96019.80194499988,96314.39725863305,93528.07906640295
9.8365063986003e-08,-1.0532650390505e-06,170,5e-05,0.0004,0,0.0,1000000000000.0,0.0,9.442011287120007e-08,94420.11287120006,94064.03836803186,93697.89011107496
1.4820406352952e-07,-1.0392966076349e-06,171,7.5e-05,0.0004,0,0.0,1000000000000.0,0.0,9.245822938380011e-08,92458.2293838001,92225.89776494769,89909.29803578084
1.9883542725067e-07,-1.0196657623095e-06,172,0.0001,0.0004,0,0.0,1000000000000.0,0.0,8.977903601840004e-08,89779.03601840005,89766.69335263659,90112.50768038911
2.505334434535e-07,-9.9431275396654e-07,173,0.000125,0.0004,0,0.0,1000000000000.0,0.0,8.644361292456012e-08,86443.61292456012,86621.84478648688,84313.07381781474
3.0358474541347e-07,-9.6318119642295e-07,174,0.00015,0.0004,0,0.0,1000000000000.0,0.0,8.252245771325012e-08,82522.45771325011,83098.44185768829,80688.9435357736
3.5829585676017e-07,-9.2623155364592e-07,175,0.000175,0.0004,0,0.0,1000000000000.0,0.0,7.809063414607989e-08,78090.63414607989,77174.64274140693,78631.02201008769
4.1500161276546e-07,-8.8345517492473e-07,176,0.0002,0.0004,0,0.0,1000000000000.0,0.0,7.322363046067989e-08,73223.6304606799,74548.59726154926,74345.43638961577
4.7407456978793e-07,-8.3488871131022e-07,177,0.000225,0.0004,0,0.0,1000000000000.0,0.0,6.799352872987003e-08,67993.52872987003,67258.66805378055,65939.74848902131
5.3593381551489e-07,-7.8062745934465e-07,178,0.00025,0.0004,0,0.0,1000000000000.0,0.0,6.246638001760997e-08,62466.380017609976,63667.454647233,61339.50565253874
6.0105180123866e-07,-7.2083693496377e-07,179,0.000275,0.0004,0,0.0,1000000000000.0,0.0,5.6700556667840087e-08,56700.55666784009,56650.18046419981,58517.35572717104
6.6995745561756e-07,-6.5576154732896e-07,180,0.0003,0.0004,0,0.0,1000000000000.0,0.0,5.0746079350150045e-08,50746.079350150045,50354.97502840707,52673.5306026265
7.4323366207207e-07,-5.8572920906345e-07,181,0.000325,0.0004,0,0.0,1000000000000.0,0.0,4.464474220912995e-08,44644.74220912995,44870.94088769596,45492.86456355276
8.2150720825744e-07,-5.1115100281259e-07,182,0.00035,0.0004,0,0.0,1000000000000.0,0.0,3.843077605704996e-08,38430.77605704996,38607.75599206207,42122.548097814084
9.0542956449369e-07,-4.3251606944196e-07,183,0.000375,0.0004,0,0.0,1000000000000.0,0.0,3.2131806211879995e-08,32131.806211879993,33399.665389089576,31675.375223079933
9.9564754040524e-07,-3.503834509448e-07,184,0.0004,0.0004,0,0.0,1000000000000.0,0.0,2.576992492479003e-08,25769.92492479003,25721.47652862693,25721.565890947517
1.0927661714872e-06,-2.6537512893578e-07,185,0.000425,0.0004,0,0.0,1000000000000.0,0.0,1.9362766331529977e-08,19362.766331529976,20689.757925409045,17402.017577507093
4.0775700955027e-08,-8.6438297948553e-07,189,2.5e-05,0.00045,0,0.0,1000000000000.0,0.0,9.961827906652998e-08,99618.27906652998,101026.08241603369,99266.5860673046
0.0,-8.6675415341922e-07,190,0.0,0.00045,0,0.0,1000000000000.0,0.0,1.0009114479024994e-07,100091.14479024993,98252.09288348086,99701.93886605436
8.188952461283e-08,-8.5725470929086e-07,191,5e-05,0.00045,0,0.0,1000000000000.0,0.0,9.821647176560005e-08,98216.47176560004,97639.83137648212,94211.56000451605
1.2367529630499e-07,-8.4532988406129e-07,192,7.5e-05,0.00045,0,0.0,1000000000000.0,0.0,9.593261708373996e-08,95932.61708373995,96850.42361871315,93760.84253718503
1.6646178586997e-07,-8.2855238780448e-07,193,0.0001,0.00045,0,0.0,1000000000000.0,0.0,9.284024645475004e-08,92840.24645475004,94163.91263568879,92380.62578483713
2.1057128946306e-07,-8.0686371282385e-07,194,0.000125,0.00045,0,0.0,1000000000000.0,0.0,8.903224248371e-08,89032.24248371,89517.68842130367,88392.27530603307
2.5632558619419e-07,-7.8022085279649e-07,195,0.00015,0.00045,0,0.0,1000000000000.0,0.0,8.461197461304002e-08,84611.97461304002,84478.03767677871,84109.89340490056
3.0405206680367e-07,-7.4861402714769e-07,196,0.000175,0.00045,0,0.0,1000000000000.0,0.0,7.968610622798999e-08,79686.10622798999,79370.31263321181,78191.36004626047
3.5409503050183e-07,-7.1208573043446e-07,197,0.0002,0.00045,0,0.0,1000000000000.0,0.0,7.435630830144006e-08,74356.30830144006,74395.3831887467,75677.58163038896
4.068278184814e-07,-6.7074594367454e-07,198,0.000225,0.00045,0,0.0,1000000000000.0,0.0,6.871445469826008e-08,68714.45469826007,67913.36417628778,70936.19407324657
4.6266550388937e-07,-6.2478398738398e-07,199,0.00025,0.00045,0,0.0,1000000000000.0,0.0,6.283926453087999e-08,62839.26453087999,64335.417268809244,59123.488693096
5.2207649691391e-07,-5.7447499107597e-07,200,0.000275,0.00045,0,0.0,1000000000000.0,0.0,5.679512179671995e-08,56795.12179671995,56195.29782836401,60139.55746507134
5.8559136764799e-07,-5.2017962745246e-07,201,0.0003,0.00045,0,0.0,1000000000000.0,0.0,5.0632647025690024e-08,50632.64702569002,51325.06409274349,50904.80991523144
6.5380729760449e-07,-4.6233583492461e-07,202,0.000325,0.00045,0,0.0,1000000000000.0,0.0,4.439028245350002e-08,44390.28245350002,45502.98034183488,45126.72248018738
7.273862465857e-07,-4.0144111860445e-07,203,0.00035,0.00045,0,0.0,1000000000000.0,0.0,3.809627138238998e-08,38096.27138238998,39819.64331592889,40421.17048597623
8.0704388510492e-07,-3.3802446338584e-07,204,0.000375,0.00045,0,0.0,1000000000000.0,0.0,3.177064373815997e-08,31770.643738159968,30971.65291294858,33988.24117892548
8.9352456968538e-07,-2.7260977170152e-07,205,0.0004,0.00045,0,0.0,1000000000000.0,0.0,2.5427014163439988e-08,25427.014163439988,25870.491066137845,24025.700672712388
9.8755575234559e-07,-2.0568097884883e-07,206,0.000425,0.00045,0,0.0,1000000000000.0,0.0,1.9074125844319986e-08,19074.125844319988,18479.51474147631,16377.799919930361
3.2419957056587e-08,-6.595687498554e-07,210,2.5e-05,0.0005,0,0.0,1000000000000.0,0.0,1.0421438721648e-07,104214.38721648001,104587.68210295141,102385.8945038616
0.0,-6.6145599387959e-07,211,0.0,0.0005,0,0.0,1000000000000.0,0.0,1.0479454685783998e-07,104794.54685783997,105429.40789111498,100578.7869386527
6.5252378204221e-08,-6.5388333449931e-07,212,5e-05,0.0005,0,0.0,1000000000000.0,0.0,1.0249923885665997e-07,102499.23885665997,102217.69457037344,97410.06268808072
9.8898356164739e-08,-6.4432675252132e-07,213,7.5e-05,0.0005,0,0.0,1000000000000.0,0.0,9.973036734578004e-08,99730.36734578005,99171.68941460438,98084.76675660996
1.3372991940046e-07,-6.307983718159e-07,214,0.0001,0.0005,0,0.0,1000000000000.0,0.0,9.602942054179002e-08,96029.42054179002,97359.71662495121,99595.8478096262
1.7009501297493e-07,-6.1319491022594e-07,215,0.000125,0.0005,0,0.0,1000000000000.0,0.0,9.154412220918004e-08,91544.12220918003,90857.74995556701,92939.45931801415
2.0831222669842e-07,-5.9143644236785e-07,216,0.00015,0.0005,0,0.0,1000000000000.0,0.0,8.643584438556996e-08,86435.84438556996,87022.71931823414,86954.42697640692
2.4868720340708e-07,-5.6550175366213e-07,217,0.000175,0.0005,0,0.0,1000000000000.0,0.0,8.085827704737995e-08,80858.27704737995,81130.4445477616,78037.8218071735
2.9152697068095e-07,-5.3545108082927e-07,218,0.0002,0.0005,0,0.0,1000000000000.0,0.0,7.494982967745e-08,74949.82967744999,74911.17562948736,76860.41019815368
3.3716004834771e-07,-5.0144766229398e-07,219,0.000225,0.0005,0,0.0,1000000000000.0,0.0,6.882480965325e-08,68824.80965324999,68888.9622117823,68879.43619529711
3.8595796293914e-07,-4.6377010134665e-07,220,0.00025,0.0005,0,0.0,1000000000000.0,0.0,6.257109163834001e-08,62571.09163834001,63140.798705858244,61028.88614565722
4.38355485376e-07,-4.2281535961357e-07,221,0.000275,0.0005,0,0.0,1000000000000.0,0.0,5.625234787449003e-08,56252.34787449003,55647.962636937846,57772.248596077436
4.948689755079e-07,-3.7909285124145e-07,222,0.0003,0.0005,0,0.0,1000000000000.0,0.0,4.991223466298e-08,49912.23466298,50485.80702291099,46619.001116209314
5.5611288827759e-07,-3.3320852865186e-07,223,0.000325,0.0005,0,0.0,1000000000000.0,0.0,4.35788384871e-08,43578.8384871,44212.96609563641,42357.345086874884
6.2281392995685e-07,-2.8583561828855e-07,224,0.00035,0.0005,0,0.0,1000000000000.0,0.0,3.7268593989530035e-08,37268.59398953003,37661.14379513165,38640.352038557576
6.9582052502966e-07,-2.3766628980702e-07,225,0.000375,0.0005,0,0.0,1000000000000.0,0.0,3.098943523855998e-08,30989.435238559978,30443.612591450245,30423.187928416566
7.7610119700563e-07,-1.8933634579673e-07,226,0.0004,0.0005,0,0.0,1000000000000.0,0.0,2.4743206950469995e-08,24743.206950469994,25448.71114767566,23871.021703422804
8.6471614377212e-07,-1.4131688960576e-07,227,0.000425,0.0005,0,0.0,1000000000000.0,0.0,1.8527462458269997e-08,18527.462458269998,18689.05987841939,16317.145822216526
2.3700312421631e-08,-4.4587539519138e-07,231,2.5e-05,0.00055,0,0.0,1000000000000.0,0.0,1.0952353293090005e-07,109523.53293090005,108931.94318305963,113013.69813200057
0.0,-4.4717857921021e-07,232,0.0,0.00055,0,0.0,1000000000000.0,0.0,1.1028312355715996e-07,110283.12355715995,111511.94659245465,108000.13874559809
4.7910933481391e-08,-4.418979536388e-07,233,5e-05,0.00055,0,0.0,1000000000000.0,0.0,1.0730886304407004e-07,107308.86304407004,106048.20794044806,106768.7423387682
7.309213840592e-08,-4.3509400066697e-07,234,7.5e-05,0.00055,0,0.0,1000000000000.0,0.0,1.0377930456716004e-07,103779.30456716004,102361.29008248846,104724.85144548115
9.9663243362507e-08,-4.2524214749545e-07,235,0.0001,0.00055,0,0.0,1000000000000.0,0.0,9.915062534886992e-08,99150.62534886993,98436.58746705945,101169.23540287005
1.2794591349205e-07,-4.1209788934915e-07,236,0.000125,0.00055,0,0.0,1000000000000.0,0.0,9.368592409728001e-08,93685.92409728002,93158.14069591474,92479.67925607166
1.5820805009126e-07,-3.9547585753692e-07,237,0.00015,0.00055,0,0.0,1000000000000.0,0.0,8.763289851981001e-08,87632.89851981001,88374.5842661187,89330.49357048268
1.9066595163439e-07,-3.7527727065693e-07,238,0.000175,0.00055,0,0.0,1000000000000.0,0.0,8.122279316624001e-08,81222.79316624001,81815.18523338414,80184.25752970613
2.255197283218e-07,-3.5154422243302e-07,239,0.0002,0.00055,0,0.0,1000000000000.0,0.0,7.463602379764998e-08,74636.02379764999,74322.53478567934,76698.21633762441
2.6299099759164e-07,-3.2448415301782e-07,240,0.000225,0.00055,0,0.0,1000000000000.0,0.0,6.799806941816996e-08,67998.06941816997,68744.2676418047,66741.15167345149
3.0335422190163e-07,-2.9447629976831e-07,241,0.00025,0.00055,0,0.0,1000000000000.0,0.0,6.138871394517996e-08,61388.71394517997,61278.65441258529,61295.915970342816
3.4696359893459e-07,-2.620700452954e-07,242,0.000275,0.00055,0,0.0,1000000000000.0,0.0,5.485412732229999e-08,54854.12732229999,53902.99895486847,54493.20433392283
3.9427996173182e-07,-2.279788819524e-07,243,0.0003,0.00055,0,0.0,1000000000000.0,0.0,4.841736223544998e-08,48417.36223544998,48945.370404104615,48630.47095355254
4.4590180755528e-07,-1.9306854135741e-07,244,0.000325,0.00055,0,0.0,1000000000000.0,0.0,4.208620512578e-08,42086.20512578,41504.91018949231,46600.75994173827
5.0260339481173e-07,-1.5833361347936e-07,245,0.00035,0.00055,0,0.0,1000000000000.0,0.0,3.5858613936849994e-08,35858.61393684999,35557.89093513719,37180.112159018754
5.6538114688952e-07,-1.2485183399378e-07,246,0.000375,0.00055,0,0.0,1000000000000.0,0.0,2.9726318323060007e-08,29726.318323060008,30073.405550413783,31206.21561623253
6.3550660182161e-07,-9.3696409401604e-08,247,0.0004,0.00055,0,0.0,1000000000000.0,0.0,2.3677138684105993e-08,23677.138684105994,23934.525395949688,25107.979923109968
1.4473574761361e-08,-2.2148172758257e-07,252,2.5e-05,0.0006,0,0.0,1000000000000.0,0.0,1.1573590429789002e-07,115735.90429789003,115997.58997904453,114441.31501302094
0.0,-2.2205698246423e-07,253,0.0,0.0006,0,0.0,1000000000000.0,0.0,1.1677976396637e-07,116779.76396637,117019.35798547394,116863.51764217936
2.959086914686e-08,-2.1967758466144e-07,254,5e-05,0.0006,0,0.0,1000000000000.0,0.0,1.12650545388e-07,112650.545388,113197.47751867,114051.86594908235
4.5980945738815e-08,-2.1625475339347e-07,255,7.5e-05,0.0006,0,0.0,1000000000000.0,0.0,1.0784890072908002e-07,107848.90072908002,108792.21070533461,107902.2359133048
6.4000703043069e-08,-2.1067235263849e-07,256,0.0001,0.0006,0,0.0,1000000000000.0,0.0,1.0178566252783999e-07,101785.66252783999,101304.20944576543,102699.5193473801
8.3937154825825e-08,-2.0243718153632e-07,257,0.000125,0.0006,0,0.0,1000000000000.0,0.0,9.487716740802999e-08,94877.16740802999,94706.9059945538,95206.68551466959
1.0588153897724e-07,-1.9107786269947e-07,258,0.00015,0.0006,0,0.0,1000000000000.0,0.0,8.758175217931002e-08,87581.75217931002,88533.3020937695,87472.38708141808
1.2984001194178e-07,-1.7635404933647e-07,259,0.000175,0.0006,0,0.0,1000000000000.0,0.0,8.021357048959e-08,80213.57048959,80273.71599468643,79507.97812855309
1.5581966639285e-07,-1.5828811627215e-07,260,0.0002,0.0006,0,0.0,1000000000000.0,0.0,7.295278434913e-08,72952.78434913,72928.534238654,71380.72754511153
1.8387323959887e-07,-1.3714962471208e-07,261,0.000225,0.0006,0,0.0,1000000000000.0,0.0,6.588771438406e-08,65887.71438405999,66100.153302401,63657.97785012891
2.1412176051668e-07,-1.1343793555572e-07,262,0.00025,0.0006,0,0.0,1000000000000.0,0.0,5.9051552370390006e-08,59051.55237039,58814.354694298985,57970.11302671458
2.467723444049e-07,-8.7876343588542e-08,263,0.000275,0.0006,0,0.0,1000000000000.0,0.0,5.2446929490218e-08,52446.929490218005,53378.056055601744,52993.16515871269
2.8214321036421e-07,-6.1418331194763e-08,264,0.0003,0.0006,0,0.0,1000000000000.0,0.0,4.6060640483857005e-08,46060.64048385701,45950.67467106843,44201.839300819585
3.2070536249965e-07,-3.5262240352649e-08,265,0.000325,0.0006,0,0.0,1000000000000.0,0.0,3.987187512553e-08,39871.87512553,39429.948475159166,38780.064567457404
3.6315017505232e-07,-1.0868460932293e-08,266,0.00035,0.0006,0,0.0,1000000000000.0,0.0,3.3856557181136e-08,33856.557181136,33698.91264933759,37593.28226407197
4.1049356260969e-07,1.0030119509381e-08,267,0.000375,0.0006,0,0.0,1000000000000.0,0.0,2.7989489842984e-08,27989.489842984,28177.141515938725,28981.255341772605
4.642295516786e-07,2.5442798994975e-08,268,0.0004,0.0006,0,0.0,1000000000000.0,0.0,2.22453280403184e-08,22245.3280403184,22500.204535704284,22467.323361467803
4.7215143676265e-09,1.574605555128e-08,273,2.5e-05,0.00065,0,0.0,1000000000000.0,0.0,1.2306435117138002e-07,123064.35117138001,122230.72808482967,124446.7280272257
0.0,1.639052519846e-08,274,0.0,0.00065,0,0.0,1000000000000.0,0.0,1.2482028735228e-07,124820.28735228001,125699.51107595819,124214.38293555418
1.0594192030157e-08,1.4417033756832e-08,275,5e-05,0.00065,0,0.0,1000000000000.0,0.0,1.1835962688412201e-07,118359.626884122,118628.10185937378,119569.06611877221
1.8062034105272e-08,1.3304972171929e-08,276,7.5e-05,0.00065,0,0.0,1000000000000.0,0.0,1.11389531939632e-07,111389.53193963201,110706.52964982626,112983.28268200828
2.7789101613469e-08,1.3411359884489e-08,277,0.0001,0.00065,0,0.0,1000000000000.0,0.0,1.02859671426718e-07,102859.671426718,103055.76921188559,102864.22249206714
3.9598493793318e-08,1.6202528548657e-08,278,0.000125,0.00065,0,0.0,1000000000000.0,0.0,9.398566886575e-08,93985.66886575,94362.33635473307,96460.58733619878
5.3124904417874e-08,2.2483770123663e-08,279,0.00015,0.00065,0,0.0,1000000000000.0,0.0,8.535523784332301e-08,85355.237843323,85596.97209426976,86061.50341150482
6.8063458405397e-08,3.2523110813782e-08,280,0.000175,0.00065,0,0.0,1000000000000.0,0.0,7.718569864896e-08,77185.69864896,77904.32088085012,76925.71489637654
8.4216548128059e-08,4.6215466083663e-08,281,0.0002,0.00065,0,0.0,1000000000000.0,0.0,6.9516438006756e-08,69516.438006756,69375.93660689975,71688.3479227505
1.0147583661689e-07,6.3183775414715e-08,282,0.000225,0.00065,0,0.0,1000000000000.0,0.0,6.231449011344978e-08,62314.490113449785,60891.063293750754,61082.46114632731
1.1979335888844e-07,8.281915041198e-08,283,0.00025,0.00065,0,0.0,1000000000000.0,0.0,5.5523954938409e-08,55523.954938409,54885.13461204448,55739.5214883607
1.3916138431319e-07,1.0427720058252e-07,284,0.000275,0.00065,0,0.0,1000000000000.0,0.0,4.9086739265993e-08,49086.739265993005,47582.6799081989,49796.13285999767
1.5960968682906e-07,1.26441816653e-07,285,0.0003,0.00065,0,0.0,1000000000000.0,0.0,4.2949828897692e-08,42949.828897692,42753.346930475105,43181.69793354715
1.8122837133908e-07,1.4786066571683e-07,286,0.000325,0.00065,0,0.0,1000000000000.0,0.0,3.706674066209001e-08,37066.74066209001,38343.16292089662,33670.6944897924
2.0423040818505e-07,1.6664996822926e-07,287,0.00035,0.00065,0,0.0,1000000000000.0,0.0,3.139678187293e-08,31396.78187293,30947.76951395618,29937.0618048876
2.290822352168e-07,1.803571715676e-07,288,0.000375,0.00065,0,0.0,1000000000000.0,0.0,2.590373045418999e-08,25903.73045418999,26029.494858862097,25483.65468796578
2.5676211471198e-07,1.8575258006046e-07,289,0.0004,0.00065,0,0.0,1000000000000.0,0.0,2.0554576503599983e-08,20554.576503599983,20888.1301499196,20501.94263500659
-4.7205188893183e-09,1.9337551674189e-08,294,2.5e-05,0.0007,0,0.0,1000000000000.0,0.0,1.3215028120941899e-07,132150.281209419,132988.67213571043,130802.93415827339
0.0,2.1632826953997e-08,295,0.0,0.0007,0,0.0,1000000000000.0,0.0,1.34771334179487e-07,134771.334179487,134870.03394327612,134605.47262409716
-8.3536201649225e-09,1.2546195551118e-08,296,5e-05,0.0007,0,0.0,1000000000000.0,0.0,1.24016013106228e-07,124016.013106228,124785.90245067651,123779.58526962882
-7.841515033404e-09,3.1985816156915e-09,297,7.5e-05,0.0007,0,0.0,1000000000000.0,0.0,1.1176836863456149e-07,111768.3686345615,110903.55193021723,108990.60004542985
-4.6905745566441e-09,-3.563039428689e-09,298,0.0001,0.0007,0,0.0,1000000000000.0,0.0,9.9952453127081e-08,99952.453127081,100575.31355881094,99500.27612207478
-2.6646138580274e-10,-5.9919900593426e-09,299,0.000125,0.0007,0,0.0,1000000000000.0,0.0,8.94388874096174e-08,89438.8874096174,90333.77294428766,90894.6852009547
4.659548156161e-09,-3.6611117129348e-09,300,0.00015,0.0007,0,0.0,1000000000000.0,0.0,8.018677028543221e-08,80186.77028543221,79958.84838343154,79411.39087648767
9.7197180396687e-09,3.3193674324976e-09,301,0.000175,0.0007,0,0.0,1000000000000.0,0.0,7.19512335302586e-08,71951.2335302586,71256.30407438698,70457.0481385128
1.4749959463198e-08,1.4606353720732e-08,302,0.0002,0.0007,0,0.0,1000000000000.0,0.0,6.4495584883332e-08,64495.584883332,64053.31031663089,63507.711167264766
1.9651267742383e-08,2.9720583806904e-08,303,0.000225,0.0007,0,0.0,1000000000000.0,0.0,5.7636867246984996e-08,57636.867246985,58213.48036596361,57410.02057663986
2.4299291888284e-08,4.8054868668518e-08,304,0.00025,0.0007,0,0.0,1000000000000.0,0.0,5.1243696844592e-08,51243.696844592,51031.584078738175,52514.79006011812
2.848114400501e-08,6.883884277476e-08,305,0.000275,0.0007,0,0.0,1000000000000.0,0.0,4.5223247898356e-08,45223.247898356,44962.39362558384,45892.928061164355
3.1843303242455e-08,9.1074946641816e-08,306,0.0003,0.0007,0,0.0,1000000000000.0,0.0,3.9508569094795e-08,39508.569094795,38862.826606649796,41267.96354559414
3.383790664585e-08,1.134471597961e-07,307,0.000325,0.0007,0,0.0,1000000000000.0,0.0,3.4048955877920995e-08,34048.95587792099,32805.806410915306,33518.24293953949
3.3652893960261e-08,1.3419739651804e-07,308,0.00035,0.0007,0,0.0,1000000000000.0,0.0,2.880341809606e-08,28803.41809606,28772.21751195549,26158.919908283497
3.009952139132e-08,1.5095883104507e-07,309,0.000375,0.0007,0,0.0,1000000000000.0,0.0,2.3736557449180014e-08,23736.557449180014,23400.92763644622,26193.70160899324
2.1397479747466e-08,1.6052360454298e-07,310,0.0004,0.0007,0,0.0,1000000000000.0,0.0,1.881610929291e-08,18816.10929291,18943.051170846888,20403.840729112264
-1.5793866951175e-08,-2.0793303833711e-07,315,2.5e-05,0.00075,0,0.0,1000000000000.0,0.0,1.4358043559524998e-07,143580.43559525,144486.09139750575,144082.26047685617
0.0,-1.9879667219805e-07,316,0.0,0.00075,0,0.0,1000000000000.0,0.0,1.5201454229284002e-07,152014.54229284002,151300.45678396252,150401.36325085972
-1.8993442070747e-08,-2.333021641996e-07,317,5e-05,0.00075,0,0.0,1000000000000.0,0.0,1.2026644389330998e-07,120266.44389330997,121339.39723631059,122421.62724321485
-1.9738138192022e-08,-2.5240346593112e-07,318,7.5e-05,0.00075,0,0.0,1000000000000.0,0.0,1.0339128718838e-07,103391.28718838001,104092.72824226892,105211.80976581809
-2.170802983726e-08,-2.6405794515478e-07,319,0.0001,0.00075,0,0.0,1000000000000.0,0.0,9.100249501829004e-08,91002.49501829004,90929.96092444331,89898.74377287687
-2.567221880367e-08,-2.689978267682e-07,320,0.000125,0.00075,0,0.0,1000000000000.0,0.0,8.129225155713001e-08,81292.25155713002,80828.95666626583,80397.06160389408
-3.1484844416756e-08,-2.6804121769768e-07,321,0.00015,0.00075,0,0.0,1000000000000.0,0.0,7.314158121304e-08,73141.58121304,73379.78587635829,71728.94057980404
-3.8797205861191e-08,-2.6181746368501e-07,322,0.000175,0.00075,0,0.0,1000000000000.0,0.0,6.593158292674e-08,65931.58292674,65281.761683953846,66707.65763521458
-4.7315266224812e-08,-2.5080144194105e-07,323,0.0002,0.00075,0,0.0,1000000000000.0,0.0,5.9330313530110024e-08,59330.31353011003,60864.73135558296,59329.41442654856
-5.6892519036042e-08,-2.3538682055474e-07,324,0.000225,0.00075,0,0.0,1000000000000.0,0.0,5.3162038884249976e-08,53162.038884249974,52306.55447833788,52520.45033216879
-6.7571130296777e-08,-2.1595402636885e-07,325,0.00025,0.00075,0,0.0,1000000000000.0,0.0,4.7332937442530035e-08,47332.937442530034,47184.80751163041,50857.562963636716
-7.9615756471792e-08,-1.9293209107327e-07,326,0.000275,0.00075,0,0.0,1000000000000.0,0.0,4.178996423272001e-08,41789.964232720005,41974.93797268993,41875.351729683665
-9.3558030328838e-08,-1.6686275236579e-07,327,0.0003,0.00075,0,0.0,1000000000000.0,0.0,3.649865642471001e-08,36498.65642471001,37982.07491230736,35210.09659961301
-1.10258956791e-07,-1.3847565941693e-07,328,0.000325,0.00075,0,0.0,1000000000000.0,0.0,3.143170094475999e-08,31431.700944759992,30650.536201112278,33511.08341988483
-1.3099135151823e-07,-1.0877988604278e-07,329,0.00035,0.00075,0,0.0,1000000000000.0,0.0,2.656350609048e-08,26563.50609048,27294.22833701789,26564.264280003903
-1.5754087135788e-07,-7.9166789560249e-08,330,0.000375,0.00075,0,0.0,1000000000000.0,0.0,2.1867989611611e-08,21867.989611611,21899.20996618938,23739.659953704555
1.8899201349798e-08,-4.5121010443766e-07,336,2.5e-05,0.0008,0,0.0,1000000000000.0,0.0,1.2101684933258003e-07,121016.84933258004,122448.27814753335,114080.0522218277
0.0,-3.8368748012405e-07,337,0.0,0.0008,0,0.0,1000000000000.0,0.0,1.8366778554628994e-07,183667.78554628993,184770.97599431497,184789.3255472993
2.2771684786929e-08,-4.8456310356033e-07,338,5e-05,0.0008,0,0.0,1000000000000.0,0.0,1.0101568478583005e-07,101015.68478583006,102110.62869591395,102036.2102456018
1.380927132294e-08,-5.0346179038495e-07,339,7.5e-05,0.0008,0,0.0,1000000000000.0,0.0,9.032254930692997e-08,90322.54930692997,90848.27888328441,86532.07026706685
-2.7679847449688e-09,-5.1364151394086e-07,340,0.0001,0.0008,0,0.0,1000000000000.0,0.0,8.251575414276997e-08,82515.75414276998,83186.4289489231,78518.5024511593
-2.3741006356797e-08,-5.1736999843636e-07,341,0.000125,0.0008,0,0.0,1000000000000.0,0.0,7.567959665510001e-08,75679.59665510002,76830.56736121289,74866.94370314463
-4.7281244868722e-08,-5.1561343513308e-07,342,0.00015,0.0008,0,0.0,1000000000000.0,0.0,6.921880170910996e-08,69218.80170910996,68870.72506586552,71463.1956309091
-7.2391517012813e-08,-5.0878894438165e-07,343,0.000175,0.0008,0,0.0,1000000000000.0,0.0,6.296214293968e-08,62962.14293968,62455.559265647775,65393.85975148287
-9.8570530925244e-08,-4.9706243641433e-07,344,0.0002,0.0008,0,0.0,1000000000000.0,0.0,5.6884756273610076e-08,56884.75627361007,57490.08841680845,57182.55422678611
-1.2563702193813e-07,-4.8047771027623e-07,345,0.000225,0.0008,0,0.0,1000000000000.0,0.0,5.1007632073730053e-08,51007.632073730056,50490.66997078216,46844.441941564044
-1.5365128193436e-07,-4.5901403311026e-07,346,0.00025,0.0008,0,0.0,1000000000000.0,0.0,4.535768269971003e-08,45357.68269971003,45567.11148326632,43531.20197821956
-1.8289903746236e-07,-4.3261464370806e-07,347,0.000275,0.0008,0,0.0,1000000000000.0,0.0,3.9952392262450014e-08,39952.39226245001,39749.36683326595,38340.2623237436
-2.1391957344288e-07,-4.0120979509752e-07,348,0.0003,0.0008,0,0.0,1000000000000.0,0.0,3.4795645699680024e-08,34795.645699680026,35334.887147813504,34148.14407928083
-2.4756860035392e-07,-3.6475101931757e-07,349,0.000325,0.0008,0,0.0,1000000000000.0,0.0,2.987859327179999e-08,29878.593271799986,29551.69039626323,29829.505181167337
-2.8510845626729e-07,-3.2327104866776e-07,350,0.00035,0.0008,0,0.0,1000000000000.0,0.0,2.518241617869001e-08,25182.41617869001,25503.904664832433,22914.752706513646
-3.2831255504164e-07,-2.7698135277251e-07,351,0.000375,0.0008,0,0.0,1000000000000.0,0.0,2.068140118849998e-08,20681.401188499978,21098.54859201984,20816.7898831569
2.5138106554378e-07,-6.6044680145594e-07,357,2.5e-05,0.00085,0,0.0,1000000000000.0,0.0,1.3505874835407995e-07,135058.74835407996,135459.66129320732,136068.32625887883
3.4269239191137e-07,-5.7877865424171e-07,358,0.0,0.00085,0,0.0,1000000000000.0,0.0,1.7662795366219998e-07,176627.9536622,175823.28698156754,176930.5199336797
1.7609324498792e-07,-6.9816945501719e-07,359,5e-05,0.00085,0,0.0,1000000000000.0,0.0,1.1535985588428e-07,115359.85588428,115375.91856581638,116640.00646944846
1.1286835953941e-07,-7.1954196396838e-07,360,7.5e-05,0.00085,0,0.0,1000000000000.0,0.0,1.0228122183491002e-07,102281.22183491001,101400.58691195003,106350.84511581642
5.661155526949e-08,-7.3168994941408e-07,361,0.0001,0.00085,0,0.0,1000000000000.0,0.0,9.191604061238997e-08,91916.04061238997,92028.86190992237,90423.29803073389
4.4145559550017e-09,-7.371409482937e-07,362,0.000125,0.00085,0,0.0,1000000000000.0,0.0,8.284970089380997e-08,82849.70089380998,82455.03788695224,83470.54985339829
-4.5368105203289e-08,-7.3681585178456e-07,363,0.00015,0.00085,0,0.0,1000000000000.0,0.0,7.453096103345003e-08,74530.96103345003,73669.93969928712,72207.9747787279
-9.3720784979332e-08,-7.3100590630246e-07,364,0.000175,0.00085,0,0.0,1000000000000.0,0.0,6.675814265545996e-08,66758.14265545996,66736.51732037058,67653.71008694517
-1.4128525610625e-07,-7.1972738084378e-07,365,0.0002,0.00085,0,0.0,1000000000000.0,0.0,5.947219107889005e-08,59472.19107889005,59170.76954423894,60977.994287864676
-1.8852587553395e-07,-7.0284434108831e-07,366,0.000225,0.00085,0,0.0,1000000000000.0,0.0,5.265991355221e-08,52659.91355221,52900.29475355688,55348.06225995344
-2.3582818113675e-07,-6.800934606483e-07,367,0.00025,0.00085,0,0.0,1000000000000.0,0.0,4.631150459338999e-08,46311.50459338999,46497.5747213161,45489.34309847603
-2.8357465902482e-07,-6.5106867850383e-07,368,0.000275,0.00085,0,0.0,1000000000000.0,0.0,4.0405922383499943e-08,40405.92238349994,40144.30484654418,36797.92742912707
-3.322203439916e-07,-6.1519373027949e-07,369,0.0003,0.00085,0,0.0,1000000000000.0,0.0,3.490925050521997e-08,34909.25050521997,34846.08153446458,38331.8000283601
-3.823832447626e-07,-5.7170026497504e-07,370,0.000325,0.00085,0,0.0,1000000000000.0,0.0,2.9777988193599968e-08,29777.98819359997,29820.114903499423,30945.00537211023
-4.3496288651624e-07,-5.196313291145e-07,371,0.00035,0.00085,0,0.0,1000000000000.0,0.0,2.496332117399e-08,24963.32117399,24484.639080181154,21833.95963159281
-4.9129849541209e-07,-4.5790457789668e-07,372,0.000375,0.00085,0,0.0,1000000000000.0,0.0,2.041472681118e-08,20414.72681118,18668.400242888387,17816.445282448825
3.4509908100577e-07,-8.2651008224316e-07,378,2.5e-05,0.0009,0,0.0,1000000000000.0,0.0,1.6375472300232013e-07,163754.72300232013,164807.01306036342,160284.25839771578
4.2034496399002e-07,-7.9297938600581e-07,379,0.0,0.0009,0,0.0,1000000000000.0,0.0,1.4989052100972009e-07,149890.52100972008,150398.10744768594,148896.60160669617
2.6142472276821e-07,-8.658133855062e-07,380,5e-05,0.0009,0,0.0,1000000000000.0,0.0,1.4572815193759992e-07,145728.1519375999,144898.51022890114,148221.8193715599
1.7932865843188e-07,-8.9461647738739e-07,381,7.5e-05,0.0009,0,0.0,1000000000000.0,0.0,1.2752673735680993e-07,127526.73735680993,128186.01079792921,130559.25430015723
1.0121282655904e-07,-9.1403798163552e-07,382,0.0001,0.0009,0,0.0,1000000000000.0,0.0,1.1167785050348002e-07,111677.85050348002,111524.29300439783,110993.48046105957
2.6872983590061e-08,-9.2539173738129e-07,383,0.000125,0.0009,0,0.0,1000000000000.0,0.0,9.794433636830988e-08,97944.33636830987,97581.34570283211,99505.75245418266
-4.4565061661774e-08,-9.2947877484084e-07,384,0.00015,0.0009,0,0.0,1000000000000.0,0.0,8.587589166556005e-08,85875.89166556005,84892.73190992208,88614.87440486369
-1.1402382929026e-07,-9.2672885271072e-07,385,0.000175,0.0009,0,0.0,1000000000000.0,0.0,7.517789975268006e-08,75177.89975268005,75916.74246695483,75464.60104682542
-1.8227809475183e-07,-9.1733795681715e-07,386,0.0002,0.0009,0,0.0,1000000000000.0,0.0,6.566115212605011e-08,65661.15212605012,65277.366260702125,62004.715931382416
-2.4992028703442e-07,-9.0130628775711e-07,387,0.000225,0.0009,0,0.0,1000000000000.0,0.0,5.717956470114004e-08,57179.564701140036,56813.28611089458,57878.98844272632
-3.1738330204088e-07,-8.7841858156257e-07,388,0.00025,0.0009,0,0.0,1000000000000.0,0.0,4.960081152689991e-08,49600.81152689991,48357.705567947836,50361.108025477864
-3.8497927389465e-07,-8.4819609869741e-07,389,0.000275,0.0009,0,0.0,1000000000000.0,0.0,4.2798265015400004e-08,42798.26501540001,42522.44573815921,43147.80445230113
-4.5294151865813e-07,-8.0983191372792e-07,390,0.0003,0.0009,0,0.0,1000000000000.0,0.0,3.665165152888002e-08,36651.65152888002,37138.371439550174,37897.688155674965
-5.2147247606531e-07,-7.6211277935064e-07,391,0.000325,0.0009,0,0.0,1000000000000.0,0.0,3.1049678410629926e-08,31049.678410629927,32349.453082204276,29652.588545673272
-5.9081304803498e-07,-7.0333175783715e-07,392,0.00035,0.0009,0,0.0,1000000000000.0,0.0,2.589198694274998e-08,25891.98694274998,26198.548525194456,24035.50894845026
-6.6136569947532e-07,-6.3120971048794e-07,393,0.000375,0.0009,0,0.0,1000000000000.0,0.0,2.1089806799710034e-08,21089.806799710033,21153.193985088612,22044.844083646363
3.799496273685e-07,-1.0039377199923e-06,399,2.5e-05,0.00095,0,0.0,1000000000000.0,0.0,1.4960913530960008e-07,149609.1353096001,150643.6769804058,150172.8482120407
4.6233357123983e-07,-9.8184368460708e-07,400,0.0,0.00095,0,0.0,1000000000000.0,0.0,1.5249113196921992e-07,152491.13196921992,152022.30648269813,152667.64847251575
2.9623006570937e-07,-1.0307865448876e-06,401,5e-05,0.00095,0,0.0,1000000000000.0,0.0,1.4639742154390003e-07,146397.42154390004,145277.20911066243,148972.51565805037
2.0999441038317e-07,-1.0577359033471e-06,402,7.5e-05,0.00095,0,0.0,1000000000000.0,0.0,1.3573836469909998e-07,135738.3646991,135988.62193168956,132111.28819180236
1.2309044749938e-07,-1.0794795258918e-06,403,0.0001,0.00095,0,0.0,1000000000000.0,0.0,1.2233303901459985e-07,122333.03901459985,123048.16500064413,121473.93221145
3.6400661276794e-08,-1.0941332137212e-06,404,0.000125,0.00095,0,0.0,1000000000000.0,0.0,1.083980130756e-07,108398.0130756,107884.0215952504,109923.11787436472
-4.9944134293784e-08,-1.1011356832357e-06,405,0.00015,0.00095,0,0.0,1000000000000.0,0.0,9.508132532660009e-08,95081.3253266001,94578.84009108815,94027.06768953263
-1.3614038789467e-07,-1.1004901282542e-06,406,0.000175,0.00095,0,0.0,1000000000000.0,0.0,8.28979321574001e-08,82897.93215740011,83748.16691232033,85000.53903200007
-2.2248965726729e-07,-1.0923560440375e-06,407,0.0002,0.00095,0,0.0,1000000000000.0,0.0,7.200143523149995e-08,72001.43523149996,72189.5076284222,71480.9098829965
-3.0930634383086e-07,-1.0768226027728e-06,408,0.000225,0.00095,0,0.0,1000000000000.0,0.0,6.235358518389986e-08,62353.58518389986,63628.416301025056,62408.01615666949
-3.9687902529886e-07,-1.0537741177405e-06,409,0.00025,0.00095,0,0.0,1000000000000.0,0.0,5.382638864740001e-08,53826.38864740001,53718.692671472716,54238.962835551865
-4.8544540327311e-07,-1.0227953185004e-06,410,0.000275,0.00095,0,0.0,1000000000000.0,0.0,4.6260068522099965e-08,46260.068522099966,45571.11551037661,44581.056099151756
-5.7516268726655e-07,-9.8308273408457e-07,411,0.0003,0.00095,0,0.0,1000000000000.0,0.0,3.949356126902999e-08,39493.56126902999,39541.49008754149,36534.1860332632
-6.6606494653593e-07,-9.3333725454445e-07,412,0.000325,0.00095,0,0.0,1000000000000.0,0.0,3.337881706194997e-08,33378.81706194997,32148.231936504468,32477.217722010664
-7.5800380371874e-07,-8.716142536104e-07,413,0.00035,0.00095,0,0.0,1000000000000.0,0.0,2.7786047234470016e-08,27786.047234470017,28819.712556559884,24545.811366771763
-8.5057636617846e-07,-7.9510199590055e-07,414,0.000375,0.00095,0,0.0,1000000000000.0,0.0,2.2604216017670005e-08,22604.216017670005,22602.209379306605,20880.840472413664
4.1471440278796e-07,-1.1729120819504e-06,420,2.5e-05,0.001,0,0.0,1000000000000.0,0.0,1.494234432188998e-07,149423.4432188998,149073.24881070878,150813.79565894947
4.9815421863996e-07,-1.1530455565229e-06,421,0.0,0.001,0,0.0,1000000000000.0,0.0,1.5441162710410002e-07,154411.6271041,154763.9622294323,152848.82101820345
3.2862415632623e-07,-1.1955288355505e-06,422,5e-05,0.001,0,0.0,1000000000000.0,0.0,1.434579151574e-07,143457.9151574,143532.46740092573,144014.61203567585
2.3891108344374e-07,-1.2180828455509e-06,423,7.5e-05,0.001,0,0.0,1000000000000.0,0.0,1.3625602199719992e-07,136256.02199719992,136477.61712027751,136202.0345403752
1.450716056922e-07,-1.237661642165e-06,424,0.0001,0.001,0,0.0,1000000000000.0,0.0,1.2566928841720004e-07,125669.28841720003,126096.5355944462,125313.44526223179
4.8000581130367e-08,-1.2514450533497e-06,425,0.000125,0.001,0,0.0,1000000000000.0,0.0,1.1334300365219999e-07,113343.00365219999,113270.56573789223,114810.09855435904
-5.1350766029377e-08,-1.2580796980822e-06,426,0.00015,0.001,0,0.0,1000000000000.0,0.0,1.0073517859160007e-07,100735.17859160007,100682.92666255964,105027.956185148
-1.5237498895296e-07,-1.2570935024521e-06,427,0.000175,0.001,0,0.0,1000000000000.0,0.0,8.869882528530014e-08,88698.82528530015,89111.07638511393,86295.5396590471
-2.5486513339412e-07,-1.2483830452832e-06,428,0.0002,0.001,0,0.0,1000000000000.0,0.0,7.762148164270001e-08,77621.48164270002,77236.26776031587,78442.07023004409
-3.5895159696004e-07,-1.2318948819844e-06,429,0.000225,0.001,0,0.0,1000000000000.0,0.0,6.76100666654999e-08,67610.0666654999,67994.37837496026,66998.59229527741
-4.6501568747137e-07,-1.2074388774121e-06,430,0.00025,0.001,0,0.0,1000000000000.0,0.0,5.8623499624300093e-08,58623.49962430009,58835.99158285032,58285.278054405186
-5.736121870839e-07,-1.1745682793374e-06,431,0.000275,0.001,0,0.0,1000000000000.0,0.0,5.0553304190699946e-08,50553.30419069994,50244.06567641149,50685.968179440446
-6.854057288523e-07,-1.1324811962861e-06,432,0.0003,0.001,0,0.0,1000000000000.0,0.0,4.326827587720011e-08,43268.27587720011,44480.722328951364,45388.365324809
-8.011143335896e-07,-1.0799108837926e-06,433,0.000325,0.001,0,0.0,1000000000000.0,0.0,3.663722066450001e-08,36637.22066450001,37685.35148944023,35946.49253805362
-9.2144661634015e-07,-1.014973823664e-06,434,0.00035,0.001,0,0.0,1000000000000.0,0.0,3.0539195999900106e-08,30539.195999900105,30217.234196469566,27873.849646585924
-1.0470087254657e-06,-9.3493155458919e-07,435,0.000375,0.001,0,0.0,1000000000000.0,0.0,2.4866997127119948e-08,24866.997127119947,26314.51805246676,25183.86244140591
-1.1781317215981e-06,-8.3578089657632e-07,436,0.0004,0.001,0,0.0,1000000000000.0,0.0,1.9527191361710006e-08,19527.191361710007,19570.149464669474,19487.778417297206
1.645961424165e-06,-1.8303129957567e-06,22,0.000275,0.0,0,1000000000.0,0.0,-3.562594944989999e-08,0.0,-35.62594944989999,-32.59252335261639,-31.717694436481963
1.8006681171289e-06,-1.7270985401564e-06,24,0.0003,0.0,0,1000000000.0,0.0,-3.782337390209989e-08,0.0,-37.823373902099895,-39.28533875228043,-35.278868314313435
1.9565676775918e-06,-1.6100668762582e-06,26,0.000325,0.0,0,1000000000.0,0.0,-3.978286527059994e-08,0.0,-39.78286527059994,-41.82093347948704,-38.02317439404217
2.1136569906651e-06,-1.4772827652333e-06,28,0.00035,0.0,0,1000000000.0,0.0,-4.149599891690007e-08,0.0,-41.49599891690007,-40.27507046520723,-44.993333521884715
2.2718266591838e-06,-1.326111611708e-06,30,0.000375,0.0,0,1000000000.0,0.0,-4.2955912817100076e-08,0.0,-42.95591281710008,-42.90819569249739,-42.893335493737936
2.4307231974376e-06,-1.1528076223002e-06,32,0.0004,0.0,0,1000000000.0,0.0,-4.41571491433e-08,0.0,-44.1571491433,-44.7313402774256,-33.72993497416411
2.0708968581383e-06,-1.0410605690077e-06,33,0.0004,5e-05,0,1000000000.0,0.0,-3.4637251884000196e-08,0.0,-34.63725188400019,-34.18110198785246,-36.12042812141708
2.5894120534137e-06,-9.5173103118041e-07,34,0.000425,0.0,0,1000000000.0,0.0,-4.509549776150027e-08,0.0,-45.09549776150027,-46.095681410765664,-41.67808147606715
2.1823181949765e-06,-8.3890967259962e-07,35,0.000425,5e-05,0,1000000000.0,0.0,-3.537731178950001e-08,0.0,-35.37731178950001,-34.27082420490355,-35.89126415558051
2.745576304625e-06,-7.1354914637272e-07,36,0.00045,0.0,0,1000000000.0,0.0,-4.576785226200032e-08,0.0,-45.767852262000325,-44.819564648262606,-40.77685025945777
2.2867018306922e-06,-6.0156726835468e-07,37,0.00045,5e-05,0,1000000000.0,0.0,-3.590776352709997e-08,0.0,-35.907763527099966,-37.73853346453017,-35.1140440142105
2.8931472564189e-06,-4.2129262063599e-07,38,0.000475,0.0,0,1000000000.0,0.0,-4.61720877751001e-08,0.0,-46.1720877751001,-47.93051859894357,-46.24210953421764
2.3860558204041e-06,-3.1784559555974e-07,39,0.000475,5e-05,0,1000000000.0,0.0,-3.622675662289981e-08,0.0,-36.226756622899806,-35.5584261581537,-36.75842492594608
3.0259600664945e-06,0.0,40,0.0005,0.0,0,1000000000.0,0.0,-4.630696811069975e-08,0.0,-46.30696811069975,-48.398046317808266,-49.66746484841945
2.4973328655476e-06,0.0,41,0.0005,5e-05,0,1000000000.0,0.0,-3.6333206680200006e-08,0.0,-36.33320668020001,-39.55315353056771,-34.89312263276717
4.1049356260969e-07,1.0030119509381e-08,267,0.000375,0.0006,0,1000000000.0,0.0,3.437815449293998e-08,0.0,34.37815449293998,37.023305002545,38.35469565201036
4.642295516786e-07,2.5442798994975e-08,268,0.0004,0.0006,0,1000000000.0,0.0,3.574802382712001e-08,0.0,35.74802382712001,36.73499232108041,35.01062758047564
5.265458215335e-07,3.3203337874342e-08,269,0.000425,0.0006,0,1000000000.0,0.0,3.6813762632830026e-08,0.0,36.81376263283003,34.84703016560239,41.62198903221413
6.0060787177859e-07,3.124379345513e-08,270,0.00045,0.0006,0,1000000000.0,0.0,3.7574932157039997e-08,0.0,37.574932157039996,38.02156213302035,41.31006640905383
6.9091569791293e-07,1.8463656181958e-08,271,0.000475,0.0006,0,1000000000.0,0.0,3.8031546801529993e-08,0.0,38.03154680152999,37.43919579149461,39.997548126279234
8.0342262348047e-07,0.0,272,0.0005,0.0006,0,1000000000.0,0.0,3.818373175670998e-08,0.0,38.18373175670998,38.41204273222141,37.363409670755196
1.1979335888844e-07,8.281915041198e-08,283,0.00025,0.00065,0,1000000000.0,0.0,3.6176070699964994e-08,0.0,36.176070699964995,36.46000600347896,33.080222369983716
1.3916138431319e-07,1.0427720058252e-07,284,0.000275,0.00065,0,1000000000.0,0.0,3.944198663701501e-08,0.0,39.44198663701501,39.00534217124783,39.43132911530438
1.5960968682906e-07,1.26441816653e-07,285,0.0003,0.00065,0,1000000000.0,0.0,4.2310854912830004e-08,0.0,42.31085491283,38.90543913404845,40.281427218346344
1.8122837133908e-07,1.4786066571683e-07,286,0.000325,0.00065,0,1000000000.0,0.0,4.479758769527999e-08,0.0,44.797587695279994,42.89249775092982,47.27440086341596
2.0423040818505e-07,1.6664996822926e-07,287,0.00035,0.00065,0,1000000000.0,0.0,4.691830159731001e-08,0.0,46.91830159731001,48.63569149988915,48.30746455955156
2.290822352168e-07,1.803571715676e-07,288,0.000375,0.00065,0,1000000000.0,0.0,4.868791165852001e-08,0.0,48.68791165852001,49.6277760594495,47.088152691902195
2.5676211471198e-07,1.8575258006046e-07,289,0.0004,0.00065,0,1000000000.0,0.0,5.011912351140003e-08,0.0,50.119123511400026,51.21360303054549,50.77654088751609
2.8927971316681e-07,1.7848745866685e-07,290,0.000425,0.00065,0,1000000000.0,0.0,5.122213673548998e-08,0.0,51.22213673548998,49.84439528503326,47.67424840537652
3.3076078131757e-07,1.5246417023934e-07,291,0.00045,0.00065,0,1000000000.0,0.0,5.200466811639004e-08,0.0,52.004668116390036,54.81619782309451,55.080262284317605
3.8984339700019e-07,9.8497584828964e-08,292,0.000475,0.00065,0,1000000000.0,0.0,5.2472084968520006e-08,0.0,52.47208496852001,54.86226190423214,59.225277543981115
4.8614590949047e-07,0.0,293,0.0005,0.00065,0,1000000000.0,0.0,5.262754360820994e-08,0.0,52.62754360820994,51.98790796674313,55.67979151960705
4.659548156161e-09,-3.6611117129348e-09,300,0.00015,0.0007,0,1000000000.0,0.0,3.4754224960191996e-08,0.0,34.754224960192,34.91963617852901,38.28331056293297
9.7197180396687e-09,3.3193674324976e-09,301,0.000175,0.0007,0,1000000000.0,0.0,4.07050718292407e-08,0.0,40.7050718292407,42.00306965525197,42.68078840810036
1.4749959463198e-08,1.4606353720732e-08,302,0.0002,0.0007,0,1000000000.0,0.0,4.5833766354349004e-08,0.0,45.833766354349,47.22800992551254,44.49337067242015
1.9651267742383e-08,2.9720583806904e-08,303,0.000225,0.0007,0,1000000000.0,0.0,5.0226658472949006e-08,0.0,50.226658472949005,49.4165935695479,51.39927346115744
2.4299291888284e-08,4.8054868668518e-08,304,0.00025,0.0007,0,1000000000.0,0.0,5.3982504235242995e-08,0.0,53.98250423524299,51.36940569525171,57.322110029050805
2.848114400501e-08,6.883884277476e-08,305,0.000275,0.0007,0,1000000000.0,0.0,5.7190754908866e-08,0.0,57.190754908866005,58.72478493915593,62.32982329489974
3.1843303242455e-08,9.1074946641816e-08,306,0.0003,0.0007,0,1000000000.0,0.0,5.9924814285914e-08,0.0,59.924814285914,60.16182733182011,59.85783889216573
3.383790664585e-08,1.134471597961e-07,307,0.000325,0.0007,0,1000000000.0,0.0,6.2241881689173e-08,0.0,62.241881689173006,60.093253378134335,61.12007097628982
3.3652893960261e-08,1.3419739651804e-07,308,0.00035,0.0007,0,1000000000.0,0.0,6.418524265651501e-08,0.0,64.185242656515,65.74570108340353,64.35250902944748
3.009952139132e-08,1.5095883104507e-07,309,0.000375,0.0007,0,1000000000.0,0.0,6.5787085588185e-08,0.0,65.787085588185,67.27379980824365,68.07157091891403
2.1397479747466e-08,1.6052360454298e-07,310,0.0004,0.0007,0,1000000000.0,0.0,6.7071045110396e-08,0.0,67.071045110396,66.2890251629092,68.6191268198969
4.7179334377779e-09,1.5847985421957e-07,311,0.000425,0.0007,0,1000000000.0,0.0,6.80542164660639e-08,0.0,68.0542164660639,68.21918542046579,64.52514908433221
-2.4820770992254e-08,1.385738629209e-07,312,0.00045,0.0007,0,1000000000.0,0.0,6.8748627933487e-08,0.0,68.748627933487,69.71762208258662,68.59791439965909
-7.6469952549603e-08,9.1379830016328e-08,313,0.000475,0.0007,0,1000000000.0,0.0,6.9162249005157e-08,0.0,69.162249005157,68.89696321145114,70.11315559705102
-1.7024860373495e-07,0.0,314,0.0005,0.0007,0,1000000000.0,0.0,6.929962947225999e-08,0.0,69.29962947225998,67.93699298005278,70.40469402342342
-2.170802983726e-08,-2.6405794515478e-07,319,0.0001,0.00075,0,1000000000.0,0.0,4.526402386374e-08,0.0,45.26402386374,44.06985162998569,46.03524369939083
-2.567221880367e-08,-2.689978267682e-07,320,0.000125,0.00075,0,1000000000.0,0.0,5.4469739449668e-08,0.0,54.469739449668,55.6531197185498,53.50152095240952
-3.1484844416756e-08,-2.6804121769768e-07,321,0.00015,0.00075,0,1000000000.0,0.0,6.1437613908459e-08,0.0,61.43761390845901,61.891360011122984,57.263830271540286
-3.8797205861191e-08,-2.6181746368501e-07,322,0.000175,0.00075,0,1000000000.0,0.0,6.6776785272479e-08,0.0,66.776785272479,66.54145805176286,71.02884535919993
-4.7315266224812e-08,-2.5080144194105e-07,323,0.0002,0.00075,0,1000000000.0,0.0,7.0956539047628e-08,0.0,70.956539047628,68.26747650095352,66.27226035612675
-5.6892519036042e-08,-2.3538682055474e-07,324,0.000225,0.00075,0,1000000000.0,0.0,7.430735669816799e-08,0.0,74.307356698168,75.49752326345192,72.19297869774698
-6.7571130296777e-08,-2.1595402636885e-07,325,0.00025,0.00075,0,1000000000.0,0.0,7.705186424437299e-08,0.0,77.051864244373,78.02563229984324,77.12429915654182
-7.9615756471792e-08,-1.9293209107327e-07,326,0.000275,0.00075,0,1000000000.0,0.0,7.9336338246568e-08,0.0,79.33633824656799,79.76503961094852,72.7464223923206
-9.3558030328838e-08,-1.6686275236579e-07,327,0.0003,0.00075,0,1000000000.0,0.0,8.125560964929199e-08,0.0,81.25560964929198,80.49532257371867,85.69525153841852
-1.10258956791e-07,-1.3847565941693e-07,328,0.000325,0.00075,0,1000000000.0,0.0,8.287091163447e-08,0.0,82.87091163447,84.81787437565018,87.56371889816532
-1.3099135151823e-07,-1.0877988604278e-07,329,0.00035,0.00075,0,1000000000.0,0.0,8.422198586797001e-08,0.0,84.22198586797,85.41554980971884,84.89728720880777
-1.5754087135788e-07,-7.9166789560249e-08,330,0.000375,0.00075,0,1000000000.0,0.0,8.533497471522999e-08,0.0,85.33497471522999,85.75571527960116,84.8070422473815
-1.9232163425228e-07,-5.1495200421506e-08,331,0.0004,0.00075,0,1000000000.0,0.0,8.622739283147e-08,0.0,86.22739283147,87.21576528679121,88.67765512418286
-2.3850708267245e-07,-2.8073887953855e-08,332,0.000425,0.00075,0,1000000000.0,0.0,8.691115568467e-08,0.0,86.91115568467,86.49896759473938,94.61168109031459
-3.0022147701061e-07,-1.1432830488731e-08,333,0.00045,0.00075,0,1000000000.0,0.0,8.739435969629997e-08,0.0,87.39435969629997,87.35425507248915,82.67011660253301
-3.8276462536051e-07,-3.4505432371098e-09,334,0.000475,0.00075,0,1000000000.0,0.0,8.768228618324e-08,0.0,87.68228618324,86.16699863690867,84.09386412579539
-4.9261912898375e-07,0.0,335,0.0005,0.00075,0,1000000000.0,0.0,8.777793645356998e-08,0.0,87.77793645356998,87.52344989597509,90.94643420017128
1.8899201349798e-08,-4.5121010443766e-07,336,2.5e-05,0.0008,0,1000000000.0,0.0,5.0224146243000995e-08,0.0,50.224146243000995,48.72070766365418,54.51193402084208
2.2771684786929e-08,-4.8456310356033e-07,338,5e-05,0.0008,0,1000000000.0,0.0,7.7772705028343e-08,0.0,77.772705028343,77.37810698518928,72.84369971461415
1.380927132294e-08,-5.0346179038495e-07,339,7.5e-05,0.0008,0,1000000000.0,0.0,9.1007201594434e-08,0.0,91.00720159443401,89.34522687827271,89.81724143209227
-2.7679847449688e-09,-5.1364151394086e-07,340,0.0001,0.0008,0,1000000000.0,0.0,9.731022379891121e-08,0.0,97.31022379891121,99.6150678935912,96.53334103324995
-2.3741006356797e-08,-5.1736999843636e-07,341,0.000125,0.0008,0,1000000000.0,0.0,1.0034778663473299e-07,0.0,100.347786634733,99.63691775016625,105.68242549568444
-4.7281244868722e-08,-5.1561343513308e-07,342,0.00015,0.0008,0,1000000000.0,0.0,1.01884958508768e-07,0.0,101.88495850876801,102.68226857800664,97.97178075774036
-7.2391517012813e-08,-5.0878894438165e-07,343,0.000175,0.0008,0,1000000000.0,0.0,1.02760569914617e-07,0.0,102.76056991461701,101.86588150890476,103.98855086794158
-9.8570530925244e-08,-4.9706243641433e-07,344,0.0002,0.0008,0,1000000000.0,0.0,1.0336666068181601e-07,0.0,103.366660681816,103.56736784499657,108.05847807303313
-1.2563702193813e-07,-4.8047771027623e-07,345,0.000225,0.0008,0,1000000000.0,0.0,1.0387749347929e-07,0.0,103.87749347929001,105.39440376400869,101.21996898166105
-1.5365128193436e-07,-4.5901403311026e-07,346,0.00025,0.0008,0,1000000000.0,0.0,1.0436117960109003e-07,0.0,104.36117960109003,104.9594718328143,102.20613919004498
-1.8289903746236e-07,-4.3261464370806e-07,347,0.000275,0.0008,0,1000000000.0,0.0,1.0483555710142998e-07,0.0,104.83555710142998,103.05444147283137,105.84770681855034
-2.1391957344288e-07,-4.0120979509752e-07,348,0.0003,0.0008,0,1000000000.0,0.0,1.0529656752306001e-07,0.0,105.29656752306,106.52558157968993,106.14857292139612
-2.4756860035392e-07,-3.6475101931757e-07,349,0.000325,0.0008,0,1000000000.0,0.0,1.0573249877773998e-07,0.0,105.73249877773998,107.33594900902207,106.31564566786813
-2.8510845626729e-07,-3.2327104866776e-07,350,0.00035,0.0008,0,1000000000.0,0.0,1.0613076576792e-07,0.0,106.13076576792,107.14751868497999,106.4712517089912
-3.2831255504164e-07,-2.7698135277251e-07,351,0.000375,0.0008,0,1000000000.0,0.0,1.0648074004594002e-07,0.0,106.48074004594002,107.5562277349247,108.04628004185685
-3.7955248575807e-07,-2.2640480893606e-07,352,0.0004,0.0008,0,1000000000.0,0.0,1.0677454803986002e-07,0.0,106.77454803986002,107.63347114354421,107.81289049922293
-4.417970829984e-07,-1.7248579899518e-07,353,0.000425,0.0008,0,1000000000.0,0.0,1.0700690404501996e-07,0.0,107.00690404501995,105.54238779432823,106.46582460528312
-5.1839445099556e-07,-1.1634739067229e-07,354,0.00045,0.0008,0,1000000000.0,0.0,1.0717456641856998e-07,0.0,107.17456641856998,107.31622814542881,106.6514013767999
-6.1276276532865e-07,-5.8590998639694e-08,355,0.000475,0.0008,0,1000000000.0,0.0,1.0727573317261004e-07,0.0,107.27573317261005,109.17401576455234,102.28614312622487
-7.2700598763099e-07,0.0,356,0.0005,0.0008,0,1000000000.0,0.0,1.0730953923807999e-07,0.0,107.30953923807999,107.173804687915,113.83486374204443
2.5138106554378e-07,-6.6044680145594e-07,357,2.5e-05,0.00085,0,1000000000.0,0.0,2.67317505847096e-07,0.0,267.317505847096,267.5895005623125,266.64558845523317
3.4269239191137e-07,-5.7877865424171e-07,358,0.0,0.00085,0,1000000000.0,0.0,3.4269239191137e-07,0.0,342.69239191137,342.08167233191523,345.5573565390274
1.7609324498792e-07,-6.9816945501719e-07,359,5e-05,0.00085,0,1000000000.0,0.0,2.1730156220675e-07,0.0,217.30156220675,218.64700856917784,216.93824771412258
1.1286835953941e-07,-7.1954196396838e-07,360,7.5e-05,0.00085,0,1000000000.0,0.0,1.87002684332275e-07,0.0,187.002684332275,184.2503863068657,186.81747269298504
5.661155526949e-08,-7.3168994941408e-07,361,0.0001,0.00085,0,1000000000.0,0.0,1.6811581161697e-07,0.0,168.11581161697,168.129702136669,164.47313937918955
4.4145559550017e-09,-7.371409482937e-07,362,0.000125,0.00085,0,1000000000.0,0.0,1.558610127583517e-07,0.0,155.8610127583517,158.248487923121,160.74872467855673
-4.5368105203289e-08,-7.3681585178456e-07,363,0.00015,0.00085,0,1000000000.0,0.0,1.4760981794845102e-07,0.0,147.60981794845102,148.55292816366773,144.7577955866111
-9.3720784979332e-08,-7.3100590630246e-07,364,0.000175,0.00085,0,1000000000.0,0.0,1.41892683052818e-07,0.0,141.892683052818,141.69808898079424,140.39228992374632
-1.4128525610625e-07,-7.1972738084378e-07,365,0.0002,0.00085,0,1000000000.0,0.0,1.3784639822698002e-07,0.0,137.84639822698003,134.31579417335945,140.3913671126536
-1.8852587553395e-07,-7.0284434108831e-07,366,0.000225,0.00085,0,1000000000.0,0.0,1.3493459236352e-07,0.0,134.93459236352,134.93279553884622,130.63424124541518
-2.3582818113675e-07,-6.800934606483e-07,367,0.00025,0.00085,0,1000000000.0,0.0,1.3280806037464996e-07,0.0,132.80806037464995,131.3518064212616,132.45095507208913
-2.8357465902482e-07,-6.5106867850383e-07,368,0.000275,0.00085,0,1000000000.0,0.0,1.3123250282151e-07,0.0,131.23250282151,132.65188825497964,124.55323479894227
-3.322203439916e-07,-6.1519373027949e-07,369,0.0003,0.00085,0,1000000000.0,0.0,1.3004847365029e-07,0.0,130.04847365029002,129.4750058369759,127.16948191862173
-3.823832447626e-07,-5.7170026497504e-07,370,0.000325,0.00085,0,1000000000.0,0.0,1.2914724227811005e-07,0.0,129.14724227811004,130.1127699805226,133.0797453917504
-4.3496288651624e-07,-5.196313291145e-07,371,0.00035,0.00085,0,1000000000.0,0.0,1.2845511728105998e-07,0.0,128.45511728105998,128.38473308143364,128.32990829682632
-4.9129849541209e-07,-4.5790457789668e-07,372,0.000375,0.00085,0,1000000000.0,0.0,1.2792273394414004e-07,0.0,127.92273394414005,127.32304052636427,130.6960118314294
-5.53366257219e-07,-3.8550253957208e-07,373,0.0004,0.00085,0,1000000000.0,0.0,1.2751754519255998e-07,0.0,127.51754519255998,128.51189789219845,131.42450427375388
-6.2396344851705e-07,-3.0190817984325e-07,374,0.000425,0.00085,0,1000000000.0,0.0,1.2721853018197996e-07,0.0,127.21853018197996,127.64149167807865,124.88914234163899
-7.0664628374726e-07,-2.0801534695571e-07,375,0.00045,0.00085,0,1000000000.0,0.0,1.2701250446687996e-07,0.0,127.01250446687996,128.5818544727351,136.79261573883548
-8.0450486791573e-07,-1.0624770691546e-07,376,0.000475,0.00085,0,1000000000.0,0.0,1.2689161679344e-07,0.0,126.89161679344,127.25832185710148,126.64903733948728
-9.1982170667343e-07,0.0,377,0.0005,0.00085,0,1000000000.0,0.0,1.2685174705037007e-07,0.0,126.85174705037007,127.43355373172595,125.49905675071751
3.4509908100577e-07,-8.2651008224316e-07,378,2.5e-05,0.0009,0,1000000000.0,0.0,2.2700041099460998e-07,0.0,227.00041099460998,227.14369848132247,227.6112626435544
4.2034496399002e-07,-7.9297938600581e-07,379,0.0,0.0009,0,1000000000.0,0.0,2.132179688734e-07,0.0,213.21796887340003,213.4318958019708,210.91343301397106
2.6142472276821e-07,-8.658133855062e-07,380,5e-05,0.0009,0,1000000000.0,0.0,2.21913964662144e-07,0.0,221.91396466214402,221.64246644534788,228.32627823165717
1.7932865843188e-07,-8.9461647738739e-07,381,7.5e-05,0.0009,0,1000000000.0,0.0,2.10528306723531e-07,0.0,210.52830672353102,212.52161525283194,205.569727885213
1.0121282655904e-07,-9.1403798163552e-07,382,0.0001,0.0009,0,1000000000.0,0.0,1.98631386370298e-07,0.0,198.631386370298,198.0110997932226,199.82655107228365
2.6872983590061e-08,-9.2539173738129e-07,383,0.000125,0.0009,0,1000000000.0,0.0,1.8812766545547098e-07,0.0,188.12766545547098,188.50741337684593,191.32766140545212
-4.4565061661774e-08,-9.2947877484084e-07,384,0.00015,0.0009,0,1000000000.0,0.0,1.79444196721996e-07,0.0,179.444196721996,181.2919595909423,173.0225383114233
-1.1402382929026e-07,-9.2672885271072e-07,385,0.000175,0.0009,0,1000000000.0,0.0,1.7245324379695e-07,0.0,172.45324379695,173.94343409676367,171.6775175307613
-1.8227809475183e-07,-9.1733795681715e-07,386,0.0002,0.0009,0,1000000000.0,0.0,1.6686184690472002e-07,0.0,166.86184690472,164.83725502231994,177.0653689888869
-2.4992028703442e-07,-9.0130628775711e-07,387,0.000225,0.0009,0,1000000000.0,0.0,1.6237041650638998e-07,0.0,162.37041650638997,161.99409518054068,152.8345904334669
-3.1738330204088e-07,-8.7841858156257e-07,388,0.00025,0.0009,0,1000000000.0,0.0,1.5872804785589e-07,0.0,158.72804785589,159.37998059223005,161.05900528824705
-3.8497927389465e-07,-8.4819609869741e-07,389,0.000275,0.0009,0,1000000000.0,0.0,1.5574320057318995e-07,0.0,155.74320057318997,156.44641983906004,165.23836174966254
-4.5294151865813e-07,-8.0983191372792e-07,390,0.0003,0.0009,0,1000000000.0,0.0,1.5327719153423001e-07,0.0,153.27719153423,154.76878775384768,153.83352561919753
-5.2147247606531e-07,-7.6211277935064e-07,391,0.000325,0.0009,0,1000000000.0,0.0,1.5123289053073e-07,0.0,151.23289053073,151.1933160327407,158.11179906216586
-5.9081304803498e-07,-7.0333175783715e-07,392,0.00035,0.0009,0,1000000000.0,0.0,1.4954372943264e-07,0.0,149.54372943264,150.06429076331506,149.7261369264788
-6.6136569947532e-07,-6.3120971048794e-07,393,0.000375,0.0009,0,1000000000.0,0.0,1.4816473999687001e-07,0.0,148.16473999687003,150.57111061657173,147.02968557642671
-7.3393324282463e-07,-5.4288738533274e-07,394,0.0004,0.0009,0,1000000000.0,0.0,1.4706586398613003e-07,0.0,147.06586398613004,147.6026322842075,155.556733849741
-8.1018645559168e-07,-4.351866807245e-07,395,0.000425,0.0009,0,1000000000.0,0.0,1.4622722939246992e-07,0.0,146.22722939246992,145.75259140181484,143.46086992666164
-8.9353981900272e-07,-3.0567824413879e-07,396,0.00045,0.0009,0,1000000000.0,0.0,1.4563595249708013e-07,0.0,145.63595249708013,145.35712440564023,143.75977208194422
-9.9047732208101e-07,-1.5762467660762e-07,397,0.000475,0.0009,0,1000000000.0,0.0,1.4528406061039005e-07,0.0,145.28406061039004,141.2929730979277,144.07677587794296
-1.1056678606826e-06,0.0,398,0.0005,0.0009,0,1000000000.0,0.0,1.4516722101629998e-07,0.0,145.16722101629998,147.37212895213705,150.5746219345945
3.799496273685e-07,-1.0039377199923e-06,399,2.5e-05,0.00095,0,1000000000.0,0.0,2.1522240565052e-07,0.0,215.22240565052002,215.14175437736733,207.85171691777845
4.6233357123983e-07,-9.8184368460708e-07,400,0.0,0.00095,0,1000000000.0,0.0,2.1758883661686e-07,0.0,217.58883661686,217.33692907586027,226.27260741091686
2.9623006570937e-07,-1.0307865448876e-06,401,5e-05,0.00095,0,1000000000.0,0.0,2.16966369039765e-07,0.0,216.966369039765,215.95547564432613,214.9048144627233
2.0999441038317e-07,-1.0577359033471e-06,402,7.5e-05,0.00095,0,1000000000.0,0.0,2.154062072414967e-07,0.0,215.4062072414967,215.43366285339857,220.94667024325642
1.2309044749938e-07,-1.0794795258918e-06,403,0.0001,0.00095,0,1000000000.0,0.0,2.1129664767373e-07,0.0,211.29664767373,213.91243058790238,206.85327937949683
3.6400661276794e-08,-1.0941332137212e-06,404,0.000125,0.00095,0,1000000000.0,0.0,2.06031910941164e-07,0.0,206.031910941164,204.1843585236254,206.77736588532778
-4.9944134293784e-08,-1.1011356832357e-06,405,0.00015,0.00095,0,1000000000.0,0.0,2.0046721537979597e-07,0.0,200.46721537979596,199.85289602271314,201.5746073794131
-1.3614038789467e-07,-1.1004901282542e-06,406,0.000175,0.00095,0,1000000000.0,0.0,1.9502532209585998e-07,0.0,195.02532209586,196.14488483333662,200.91160647633578
-2.2248965726729e-07,-1.0923560440375e-06,407,0.0002,0.00095,0,1000000000.0,0.0,1.8989592635062002e-07,0.0,189.89592635062002,190.96259936659513,186.5408313658543
-3.0930634383086e-07,-1.0768226027728e-06,408,0.000225,0.00095,0,1000000000.0,0.0,1.8515925206939004e-07,0.0,185.15925206939005,185.94623160370764,183.4139715212841
-3.9687902529886e-07,-1.0537741177405e-06,409,0.00025,0.00095,0,1000000000.0,0.0,1.8084720130191996e-07,0.0,180.84720130191997,182.84925321374232,183.1477278042224
-4.8544540327311e-07,-1.0227953185004e-06,410,0.000275,0.00095,0,1000000000.0,0.0,1.7697051545235005e-07,0.0,176.97051545235004,179.38963705807265,176.261138363966
-5.7516268726655e-07,-9.8308273408457e-07,411,0.0003,0.00095,0,1000000000.0,0.0,1.7353015016657e-07,0.0,173.53015016657,174.82609231751482,172.18981243662702
-6.6606494653593e-07,-9.3333725454445e-07,412,0.000325,0.00095,0,1000000000.0,0.0,1.7052204705855002e-07,0.0,170.52204705855002,169.52021507994183,165.5461309469799
-7.5800380371874e-07,-8.716142536104e-07,413,0.00035,0.00095,0,1000000000.0,0.0,1.6793938017057998e-07,0.0,167.93938017057997,166.94532551534175,166.57183652791775
-8.5057636617846e-07,-7.9510199590055e-07,414,0.000375,0.00095,0,1000000000.0,0.0,1.657739008434401e-07,0.0,165.7739008434401,167.54450688817514,169.80680124170914
-9.4306855633849e-07,-6.9978647430111e-07,415,0.0004,0.00095,0,1000000000.0,0.0,1.6401694803901e-07,0.0,164.01694803901,164.5839740783865,169.60514751584643
-1.0345242550037e-06,-5.7993772030574e-07,416,0.000425,0.00095,0,1000000000.0,0.0,1.6266028462210004e-07,0.0,162.66028462210005,161.30065914239398,162.13218189737944
-1.1243220337363e-06,-4.2743550483986e-07,417,0.00045,0.00095,0,1000000000.0,0.0,1.6169678691359985e-07,0.0,161.69678691359985,162.10976278489662,159.63018102077388
-1.2147892817905e-06,-2.3032478414175e-07,418,0.000475,0.00095,0,1000000000.0,0.0,1.6112098354170004e-07,0.0,161.12098354170004,160.91799674017898,159.52962405418018
-1.3230815848833e-06,0.0,419,0.0005,0.00095,0,1000000000.0,0.0,1.609294392178001e-07,0.0,160.9294392178001,162.00631219963662,161.24136126310927
4.1471440278796e-07,-1.1729120819504e-06,420,2.5e-05,0.001,0,1000000000.0,0.0,2.2651837538839e-07,0.0,226.51837538838998,226.9772684598448,227.8380797156728
4.9815421863996e-07,-1.1530455565229e-06,421,0.0,0.001,0,1000000000.0,0.0,2.2554168311891994e-07,0.0,225.54168311891993,225.40234359012393,227.76001398824266
3.2862415632623e-07,-1.1955288355505e-06,422,5e-05,0.001,0,1000000000.0,0.0,2.2670980394217002e-07,0.0,226.70980394217003,224.62712596487373,222.8101072856046
2.3891108344374e-07,-1.2180828455509e-06,423,7.5e-05,0.001,0,1000000000.0,0.0,2.27839434163656e-07,0.0,227.839434163656,224.69538840696217,225.1909898408147
1.450716056922e-07,-1.237661642165e-06,424,0.0001,0.001,0,1000000000.0,0.0,2.2750271412406898e-07,0.0,227.50271412406897,230.89600509401205,229.14669974818693
4.8000581130367e-08,-1.2514450533497e-06,425,0.000125,0.001,0,1000000000.0,0.0,2.25202634560287e-07,0.0,225.20263456028698,225.49148136367216,226.09287432487682
-5.1350766029377e-08,-1.2580796980822e-06,426,0.00015,0.001,0,1000000000.0,0.0,2.2126475594795298e-07,0.0,221.26475594795298,218.79872195777625,214.0306597571492
-1.5237498895296e-07,-1.2570935024521e-06,427,0.000175,0.001,0,1000000000.0,0.0,2.1625608526001e-07,0.0,216.25608526001,216.32897141435524,214.3976110970433
-2.5486513339412e-07,-1.2483830452832e-06,428,0.0002,0.001,0,1000000000.0,0.0,2.1071552629364e-07,0.0,210.71552629364,209.84812414685726,208.15812516609947
-3.5895159696004e-07,-1.2318948819844e-06,429,0.000225,0.001,0,1000000000.0,0.0,2.0506375720141997e-07,0.0,205.06375720141997,207.1961214687906,199.48864033147427
-4.6501568747137e-07,-1.2074388774121e-06,430,0.00025,0.001,0,1000000000.0,0.0,1.9959481657030999e-07,0.0,199.59481657030997,200.34521173276832,195.74098974765727
-5.736121870839e-07,-1.1745682793374e-06,431,0.000275,0.001,0,1000000000.0,0.0,1.9449750379139998e-07,0.0,194.49750379139996,193.74514434217812,200.52640407480052
-6.854057288523e-07,-1.1324811962861e-06,432,0.0003,0.001,0,1000000000.0,0.0,1.8988290408187008e-07,0.0,189.88290408187007,190.8619167164197,197.01038578611804
-8.011143335896e-07,-1.0799108837926e-06,433,0.000325,0.001,0,1000000000.0,0.0,1.858089025783599e-07,0.0,185.8089025783599,185.2547717888089,184.55715893668912
-9.2144661634015e-07,-1.014973823664e-06,434,0.00035,0.001,0,1000000000.0,0.0,1.8229921450305005e-07,0.0,182.29921450305005,182.69559589292246,182.5773425461668
-1.0470087254657e-06,-9.3493155458919e-07,435,0.000375,0.001,0,1000000000.0,0.0,1.7935712800810001e-07,0.0,179.3571280081,180.15491315619786,179.80131287270257
-1.1781317215981e-06,-8.3578089657632e-07,436,0.0004,0.001,0,1000000000.0,0.0,1.7697499171799995e-07,0.0,176.97499171799996,176.16573828219435,171.51746006684587
-1.3145011977186e-06,-7.1147902291146e-07,437,0.000425,0.001,0,1000000000.0,0.0,1.7514055747970004e-07,0.0,175.14055747970005,175.36829499918295,183.50393242402936
-1.4543219346785e-06,-5.5216226205174e-07,438,0.00045,0.001,0,1000000000.0,0.0,1.7384110638079993e-07,0.0,173.84110638079994,175.28618674302697,177.52585659970373
-1.591921859712e-06,-3.4022594176041e-07,439,0.000475,0.001,0,1000000000.0,0.0,1.7306605098329997e-07,0.0,173.06605098329996,174.9041737277558,178.47678427340486
-1.721382757991e-06,0.0,440,0.0005,0.001,0,1000000000.0,0.0,1.7280849401389998e-07,0.0,172.80849401389997,171.39663582684435,167.84001732615033
